Марка;Ссылка;Цена в $;Цена в UAH;Город
Renault Express 2021Zen 1.6 МТ (110 л.с.);https://auto.ria.com/newauto/auto-renault-express-1866983.html;17 346 $;463 700 грн;Умань
Renault Sandero StepWay 2021Zen 1.5DСi 5МТ (90 л.с.);https://auto.ria.com/newauto/auto-renault-sandero-stepway-1866982.html;15 528 $;415 100 грн;Умань
Renault Arkana 2021Life 1.6i MT (114 л.с.);https://auto.ria.com/newauto/auto-renault-arkana-1866984.html;18 065 $;482 900 грн;Умань
Renault Duster 2021Zen 1.6 MT (115 л.с.);https://auto.ria.com/newauto/auto-renault-duster-1866761.html;18 005 $;481 300 грн;Харьков
Renault Captur 2021Intense 1.3i 7-EDC (155 л.с.);https://auto.ria.com/newauto/auto-renault-captur-1866684.html;24 789 $;662 654 грн;Одесса
Renault Duster 2021Zen 1.5 D MT (110 л.с.) AWD;https://auto.ria.com/newauto/auto-renault-duster-1866764.html;22 071 $;590 000 грн;Харьков
Renault Logan 2021Life+ New 1.0 MT (73 л.с.);https://auto.ria.com/newauto/auto-renault-logan-1855402.html;12 180 $;325 600 грн;Черновцы
Renault Kadjar 2021Zen 1.5 DCi MT6 (110 л.с.);https://auto.ria.com/newauto/auto-renault-kadjar-1863626.html;25 135 $;671 900 грн;Измаил
Renault Sandero StepWay 2021Zen 1.5DСi 5МТ (90 л.с.);https://auto.ria.com/newauto/auto-renault-sandero-stepway-1844592.html;16 403 $;438 472 грн;Измаил
Renault Arkana 2020Intense 1.3 TCe CVT (150 л.с.) 4WD;https://auto.ria.com/newauto/auto-renault-arkana-1866382.html;27 253 $;728 511 грн;Одесса
Renault Logan 2020Life+ New 0.9 MT (90 л.с.);https://auto.ria.com/newauto/auto-renault-logan-1854364.html;13 467 $;360 000 грн;Чернигов
Renault Duster 2021Zen 1.5 D MT (110 л.с.);https://auto.ria.com/newauto/auto-renault-duster-1858434.html;21 510 $; 22 483 $;Луцк
Renault Captur 2021Zen 1.3 TCe 7-EDC (130 л.с.);https://auto.ria.com/newauto/auto-renault-captur-1864002.html;24 989 $;668 000 грн;Черкассы
Renault Logan 2021Zen New 0.9 MT (90 л.с.);https://auto.ria.com/newauto/auto-renault-logan-1866587.html;13 732 $;367 086 грн;Одесса
Renault Sandero StepWay 2021Life+ 1.5DСi 5МТ (90 л.с.);https://auto.ria.com/newauto/auto-renault-sandero-stepway-1844828.html;15 483 $;413 878 грн;Измаил
Renault Arkana 2021Zen 1.6 CVT (114 л.с.);https://auto.ria.com/newauto/auto-renault-arkana-1866586.html;21 132 $;564 892 грн;Одесса
Renault Captur 20211.3i 7-EDC (155 л.с.);https://auto.ria.com/newauto/auto-renault-captur-1863968.html;25 016 $;668 723 грн;Николаев
Renault Sandero StepWay 2021Zen 1.5DСi 5МТ (90 л.с.);https://auto.ria.com/newauto/auto-renault-sandero-stepway-1866974.html;16 360 $;437 333 грн;Николаев
Renault Express 2021Life 1.6 МТ (110 л.с.);https://auto.ria.com/newauto/auto-renault-express-1866249.html;16 605 $;443 871 грн;Чернигов
Renault Master груз. 2021TFG 1 323 D6 2.3D MT (125 л.с.) L3H2 3500;https://auto.ria.com/newauto/auto-renault-master-gruz-1864305.html;32 733 $;875 000 грн;Черкассы
Renault Lodgy 2021Zen 1.5D МТ (90 л.с.);https://auto.ria.com/newauto/auto-renault-lodgy-1865659.html;20 108 $;537 512 грн;Николаев
Renault Sandero 2021Life+ 1.0 MT (73 л.с.);https://auto.ria.com/newauto/auto-renault-sandero-1855107.html;11 483 $;306 965 грн;Одесса
Renault Duster 2021Life 1.6 MT (115 л.с.);https://auto.ria.com/newauto/auto-renault-duster-1860929.html;16 710 $;446 700 грн;Одесса
Renault Express 2021Life 1.6 МТ (110 л.с.);https://auto.ria.com/newauto/auto-renault-express-1864120.html;16 460 $;440 000 грн;Луцк
Renault Dokker пасс. 2021Expression 1.5D МТ (90 л.с.);https://auto.ria.com/newauto/auto-renault-dokker-pass-1864007.html;19 078 $;510 000 грн;Черкассы
Renault Express Van 2021Zen 1.5D МТ (95 л.с.);https://auto.ria.com/newauto/auto-renault-express-van-1866890.html;18 035 $;482 093 грн;Николаев
Renault Sandero StepWay 2020Ultramarine 1.5DСi 5МТ (90 л.с.);https://auto.ria.com/newauto/auto-renault-sandero-stepway-1863564.html;16 609 $;444 000 грн;Херсон
Renault Sandero StepWay 2021Zen 1.5DСi 5МТ (90 л.с.);https://auto.ria.com/newauto/auto-renault-sandero-stepway-1866866.html;16 333 $;436 610 грн;Киев
Renault Duster 2021Zen 1.5 D MT (110 л.с.) AWD;https://auto.ria.com/newauto/auto-renault-duster-1860713.html;22 909 $;612 392 грн;Луцк
Renault Duster 2021Zen 1.5 D EDC (110 л.с.);https://auto.ria.com/newauto/auto-renault-duster-1866793.html;22 398 $;598 743 грн;Запорожье
Renault Trafic пасс. 2021Combi 1.6D MT (115 л.с.) L2H1;https://auto.ria.com/newauto/auto-renault-trafic-pass-1864428.html;27 488 $;734 800 грн;Луцк
Renault Logan 2021Life+ New 1.0 MT (73 л.с.);https://auto.ria.com/newauto/auto-renault-logan-1858802.html;11 936 $;319 065 грн;Киев
Renault Sandero StepWay 2021Zen 1.5DСi 5МТ (90 л.с.);https://auto.ria.com/newauto/auto-renault-sandero-stepway-1862569.html;16 505 $; 16 907 $;Черновцы
Renault Duster 2021Life 1.6 MT (115 л.с.);https://auto.ria.com/newauto/auto-renault-duster-1861796.html;17 088 $;456 800 грн;Черкассы
Renault Duster 2021Zen 1.6 MT (115 л.с.);https://auto.ria.com/newauto/auto-renault-duster-1866196.html;18 287 $; 18 663 $;Киев
Renault Arkana 2020Intense+ 1.3 TCe CVT (150 л.с.) 4WD;https://auto.ria.com/newauto/auto-renault-arkana-1865090.html;28 408 $;759 392 грн;Киев
Renault Sandero StepWay 2021Zen 1.5DСi 5МТ (90 л.с.);https://auto.ria.com/newauto/auto-renault-sandero-stepway-1866336.html;16 515 $;441 484 грн;Херсон
Renault Kadjar 2021Zen 1.5 DCi EDC6 (110 л.с.);https://auto.ria.com/newauto/auto-renault-kadjar-1866783.html;26 889 $;718 800 грн;Харьков
Renault Captur 2021Zen 1.3 TCe 7-EDC (130 л.с.);https://auto.ria.com/newauto/auto-renault-captur-1865905.html;21 510 $;575 000 грн;Луцк
Renault Duster 2020Zen 1.6 MT (115 л.с.);https://auto.ria.com/newauto/auto-renault-duster-1866360.html;17 825 $;476 500 грн;Киев
Renault Sandero StepWay 2021Zen 0.9TCe 5РКП (90 л.с.);https://auto.ria.com/newauto/auto-renault-sandero-stepway-1866610.html;16 198 $;433 000 грн;Запорожье
Renault Captur 2021Zen 1.3 TCe 7-EDC (130 л.с.);https://auto.ria.com/newauto/auto-renault-captur-1864119.html;25 625 $;685 000 грн;Луцк
Renault Lodgy 2021Zen 1.5D МТ (90 л.с.);https://auto.ria.com/newauto/auto-renault-lodgy-1866671.html;19 255 $;514 707 грн;Чернигов
Renault Sandero StepWay 2021Zen 0.9TCe 5MT (90 л.с.);https://auto.ria.com/newauto/auto-renault-sandero-stepway-1866613.html;13 766 $;368 000 грн;Запорожье
Renault Lodgy 2021Intense 1.5D МТ (90 л.с.);https://auto.ria.com/newauto/auto-renault-lodgy-1866634.html;20 474 $;547 295 грн;Киев
Renault Megane 2020Life New 1.6 МТ (115 л.с.);https://auto.ria.com/newauto/auto-renault-megane-1866777.html;17 956 $;480 000 грн;Харьков
Renault Sandero StepWay 20210.9TCe 5РКП (90 л.с.) Stepway+;https://auto.ria.com/newauto/auto-renault-sandero-stepway-1866797.html;16 288 $;435 410 грн;Запорожье
Renault Arkana 2020Intense 1.3 TCe CVT (150 л.с.) 4WD;https://auto.ria.com/newauto/auto-renault-arkana-1866792.html;26 261 $;702 000 грн;Запорожье
Renault Sandero 2021Life+ 1.0 MT (73 л.с.);https://auto.ria.com/newauto/auto-renault-sandero-1866305.html;11 483 $;306 965 грн;Киев
Renault Captur 20211.5 dCI 7-EDC (115 л.с.);https://auto.ria.com/newauto/auto-renault-captur-1866794.html;24 059 $;643 147 грн;Запорожье
Renault Sandero StepWay 20200.9TCe 5РКП (90 л.с.) Stepway+;https://auto.ria.com/newauto/auto-renault-sandero-stepway-1858683.html;14 978 $;400 399 грн;Луцк
Renault Duster 2021Zen 1.6 MT (115 л.с.) AWD;https://auto.ria.com/newauto/auto-renault-duster-1866765.html;19 673 $;525 900 грн;Харьков
Renault Logan 2021Life New 1.0 MT (73 л.с.);https://auto.ria.com/newauto/auto-renault-logan-1866795.html;12 007 $;320 965 грн;Запорожье
Renault Lodgy 2021Intense 1.5D МТ (90 л.с.);https://auto.ria.com/newauto/auto-renault-lodgy-1866454.html;20 960 $;560 300 грн;Ровно
Renault Megane 2021Zen New 1.5D МТ (110 л.с.);https://auto.ria.com/newauto/auto-renault-megane-1864001.html;23 044 $;616 000 грн;Черкассы
Renault Arkana 2021Life 1.6 CVT (114 л.с.);https://auto.ria.com/newauto/auto-renault-arkana-1866152.html;20 057 $;536 166 грн;Одесса
Renault Lodgy 2021Intense 1.5D МТ (90 л.с.);https://auto.ria.com/newauto/auto-renault-lodgy-1866085.html;20 989 $; 22 508 $;Умань
Renault Duster 2021Zen 1.6 MT (115 л.с.);https://auto.ria.com/newauto/auto-renault-duster-1866343.html;18 862 $;504 219 грн;Херсон
Renault Sandero StepWay 2021Zen 1.5DСi 5МТ (90 л.с.);https://auto.ria.com/newauto/auto-renault-sandero-stepway-1865921.html;16 333 $;436 600 грн;Харьков
Renault Arkana 2021Zen 1.6 CVT (114 л.с.);https://auto.ria.com/newauto/auto-renault-arkana-1852217.html;21 496 $;574 620 грн;Чернигов
Renault Sandero StepWay 2021Zen 1.5DСi 5МТ (90 л.с.);https://auto.ria.com/newauto/auto-renault-sandero-stepway-1866774.html;16 333 $;436 600 грн;Харьков
Renault Express 2021Zen 1.5D МТ (95 л.с.);https://auto.ria.com/newauto/auto-renault-express-1863736.html;19 482 $;520 800 грн;Луцк
Renault Master груз. 2021PCC 1L4 5 P6 2.3D MT (165 л.с.) L4H1 4500;https://auto.ria.com/newauto/auto-renault-master-gruz-1866728.html;47 883 $;1 280 000 грн;Харьков
Renault Logan 2021Life+ New 1.0 MT (73 л.с.);https://auto.ria.com/newauto/auto-renault-logan-1866775.html;11 937 $;319 100 грн;Харьков
Renault Sandero StepWay 2021Zen 1.5DСi 5МТ (90 л.с.);https://auto.ria.com/newauto/auto-renault-sandero-stepway-1866768.html;16 232 $;433 900 грн;Харьков
Renault Duster 2021Life 1.6 MT (115 л.с.);https://auto.ria.com/newauto/auto-renault-duster-1866001.html;17 840 $;476 900 грн;Умань
Renault Sandero StepWay 2021Life+ 0.9TCe 5РКП (90 л.с.);https://auto.ria.com/newauto/auto-renault-sandero-stepway-1866773.html;15 210 $;406 600 грн;Харьков
Renault Logan 2021Life+ New 1.0 MT (73 л.с.);https://auto.ria.com/newauto/auto-renault-logan-1866086.html;13 234 $;353 771 грн;Умань
Renault Sandero StepWay 2021Life+ 1.5DСi 5МТ (90 л.с.);https://auto.ria.com/newauto/auto-renault-sandero-stepway-1859701.html;15 637 $;418 000 грн;Черкассы
Renault Sandero StepWay 2021Life+ 1.5DСi 5МТ (90 л.с.);https://auto.ria.com/newauto/auto-renault-sandero-stepway-1863943.html;15 120 $;404 179 грн;Одесса
Renault Master груз. 2021PFG 1L324 H6 2.3D MT (125 л.с.) L3H2 3500;https://auto.ria.com/newauto/auto-renault-master-gruz-1852954.html;31 349 $;838 000 грн;Луцк
Renault Logan 2021Life+ New 1.0 MT (73 л.с.);https://auto.ria.com/newauto/auto-renault-logan-1860932.html;11 936 $;319 069 грн;Одесса
Renault Arkana 2021Life 1.6i MT (114 л.с.);https://auto.ria.com/newauto/auto-renault-arkana-1862382.html;19 029 $;508 678 грн;Черкассы
Renault Dokker груз. 2021Expression 1.5D MT (90 л.с.);https://auto.ria.com/newauto/auto-renault-dokker-gruz-1866247.html;17 582 $;470 000 грн;Херсон
Renault Logan 2021Life+ New 1.5d MT (90 л.с.);https://auto.ria.com/newauto/auto-renault-logan-1861794.html;14 263 $;381 284 грн;Черкассы
Renault Duster 2021Base 1.6 MT (115 л.с.);https://auto.ria.com/newauto/auto-renault-duster-1865929.html;14 904 $; 15 210 $;Киев
Renault Dokker груз. 2021Authentique 1.6 MT (84 л.с.);https://auto.ria.com/newauto/auto-renault-dokker-gruz-1865928.html;14 667 $;392 061 грн;Киев
Renault Captur 20211.3i 7-EDC (155 л.с.);https://auto.ria.com/newauto/auto-renault-captur-1863565.html;25 642 $;685 464 грн;Херсон
Renault Captur 2021LE Intense 1.3 TCe 7-EDC (130 л.с.);https://auto.ria.com/newauto/auto-renault-captur-1864489.html;24 989 $;668 000 грн;Запорожье
Renault Lodgy 2021Intense 1.5D МТ (90 л.с.);https://auto.ria.com/newauto/auto-renault-lodgy-1858272.html;20 892 $;558 473 грн;Чернигов
Renault Dokker груз. 2021Authentique 1.6 MT (80 л.с.);https://auto.ria.com/newauto/auto-renault-dokker-gruz-1860766.html;15 119 $;404 165 грн;Киев
Renault Megane 2021Individual 1.3 TCi EDC7 (150 л.с.);https://auto.ria.com/newauto/auto-renault-megane-1866223.html;23 841 $;637 300 грн;Одесса
Renault Sandero StepWay 20211.5DСi 5МТ (90 л.с.) Stepway+;https://auto.ria.com/newauto/auto-renault-sandero-stepway-1843141.html;16 507 $;441 252 грн;Чернигов
Renault Arkana 2021Zen 1.6 CVT (114 л.с.);https://auto.ria.com/newauto/auto-renault-arkana-1864036.html;21 308 $;569 600 грн;Харьков
Renault Sandero StepWay 2021Zen 1.5DСi 5МТ (90 л.с.);https://auto.ria.com/newauto/auto-renault-sandero-stepway-1864008.html;16 609 $;444 000 грн;Черкассы
Renault Master груз. 2021PCC 1L3 5 F6 2.3D MT (150 л.с.) L3H1 4500;https://auto.ria.com/newauto/auto-renault-master-gruz-1866267.html;44 778 $;1 197 000 грн;Харьков
Renault Logan 2021Life+ New 1.0 MT (73 л.с.);https://auto.ria.com/newauto/auto-renault-logan-1858216.html;11 911 $;318 400 грн;Киев
Renault Arkana 2020Intense 1.3 TCe CVT (150 л.с.);https://auto.ria.com/newauto/auto-renault-arkana-1846873.html;24 989 $;668 000 грн;Запорожье
Renault Dokker груз. 2020Authentique 1.5D MT (90 л.с.);https://auto.ria.com/newauto/auto-renault-dokker-gruz-1858275.html;17 582 $;470 000 грн;Луцк
Renault Megane 2020Life New 1.6 МТ (115 л.с.);https://auto.ria.com/newauto/auto-renault-megane-1858402.html;18 031 $;482 000 грн;Луцк
Renault Master груз. 2021TFG 1 223 D6 2.3D MT (125 л.с.) L2H2 3500;https://auto.ria.com/newauto/auto-renault-master-gruz-1859464.html;31 790 $;849 788 грн;Черкассы
Renault Logan 2020Life+ New 1.0 MT (73 л.с.);https://auto.ria.com/newauto/auto-renault-logan-1863549.html;11 971 $;320 000 грн;Киев
Renault Sandero StepWay 2021Life+ 1.5DСi 5МТ (90 л.с.);https://auto.ria.com/newauto/auto-renault-sandero-stepway-1860933.html;14 970 $;400 165 грн;Одесса
Renault Megane 2020Intense New 1.5D AТ (110 л.с.);https://auto.ria.com/newauto/auto-renault-megane-1864470.html;25 064 $;670 000 грн;Запорожье
Renault Trafic пасс. 2021Combi 1.6D MT (115 л.с.) L2H1;https://auto.ria.com/newauto/auto-renault-trafic-pass-1855602.html;35 912 $;960 000 грн;Харьков
Renault Arkana 2021Zen 1.3 TCe CVT (150 л.с.);https://auto.ria.com/newauto/auto-renault-arkana-1866084.html;19 676 $; 20 874 $;Умань
Renault Logan 2021Life+ New 1.0 MT (73 л.с.);https://auto.ria.com/newauto/auto-renault-logan-1862272.html;12 052 $;322 179 грн;Чернигов
Renault Megane 2020Intense New 1.5D AТ (110 л.с.);https://auto.ria.com/newauto/auto-renault-megane-1866796.html;25 064 $;670 000 грн;Запорожье
Renault Sandero StepWay 2021Zen 0.9TCe 5РКП (90 л.с.);https://auto.ria.com/newauto/auto-renault-sandero-stepway-1866019.html;16 217 $;433 500 грн;Харьков
Renault Duster 2021Zen 1.5 D MT (110 л.с.);https://auto.ria.com/newauto/auto-renault-duster-1865922.html;20 914 $;559 058 грн;Луцк
Renault Captur 2021Zen 1.3 TCe 7-EDC (130 л.с.);https://auto.ria.com/newauto/auto-renault-captur-1865919.html;22 766 $;608 569 грн;Луцк
Renault Arkana 2021Zen 1.3 TCe CVT (150 л.с.);https://auto.ria.com/newauto/auto-renault-arkana-1866136.html;21 435 $;573 000 грн;Киев
Renault Logan 2021Life+ New 1.0 MT (73 л.с.);https://auto.ria.com/newauto/auto-renault-logan-1848945.html;11 936 $;319 065 грн;Сумы
Renault Duster 2021Life 1.5 D MT (110 л.с.) AWD;https://auto.ria.com/newauto/auto-renault-duster-1859491.html;21 510 $; 22 636 $;Луцк
Renault Sandero StepWay 2021Life+ 1.5DСi 5МТ (90 л.с.);https://auto.ria.com/newauto/auto-renault-sandero-stepway-1848816.html;14 970 $;400 165 грн;Сумы
Renault Master груз. 2021PCC 1L4 5 P6 2.3D MT (165 л.с.) L4H1 4500;https://auto.ria.com/newauto/auto-renault-master-gruz-1854229.html;43 955 $;1 175 000 грн;Харьков
Renault Master груз. 2021PCC 1L3 4 F6 2.3D MT (150 л.с.) L3H1 3500;https://auto.ria.com/newauto/auto-renault-master-gruz-1861725.html;42 758 $;1 143 000 грн;Харьков
Renault Logan 2021Life+ New 1.0 MT (73 л.с.);https://auto.ria.com/newauto/auto-renault-logan-1838386.html;12 052 $;322 179 грн;Одесса
Renault Duster 2021Life 1.6 MT (115 л.с.) AWD;https://auto.ria.com/newauto/auto-renault-duster-1848798.html;18 903 $;505 300 грн;Сумы
Renault Master груз. 20212.3D MT (165 л.с.) L4H1 4500;https://auto.ria.com/newauto/auto-renault-master-gruz-1853050.html;46 873 $;1 253 000 грн;Харьков
Renault Master груз. 2021PCC 1L4 5 P6 2.3D MT (165 л.с.) L4H1 4500;https://auto.ria.com/newauto/auto-renault-master-gruz-1857064.html;47 210 $;1 262 000 грн;Харьков
Renault Sandero StepWay 2021Life+ 0.9TCe 5MT (90 л.с.);https://auto.ria.com/newauto/auto-renault-sandero-stepway-1866133.html;13 778 $;368 300 грн;Киев
Renault Master груз. 2021PDC 1L3 5 J6 2.3D MT (125 л.с.) L3H1 3500;https://auto.ria.com/newauto/auto-renault-master-gruz-1866146.html;34 629 $;925 704 грн;Одесса
Renault Kadjar 2021Zen 1.5 DCi EDC6 (110 л.с.);https://auto.ria.com/newauto/auto-renault-kadjar-1860629.html;28 057 $;750 000 грн;Луцк
Renault Master груз. 2021PCC 1L4 5 P6 2.3D MT (165 л.с.) L4H1 4500;https://auto.ria.com/newauto/auto-renault-master-gruz-1849971.html;44 142 $;1 180 000 грн;Харьков
Renault Master груз. 2021PCC 1L3 5 F6 2.3D MT (150 л.с.) L3H1 4500;https://auto.ria.com/newauto/auto-renault-master-gruz-1858889.html;40 963 $;1 095 000 грн;Харьков
Renault Captur 2021Intense 1.3i 7-EDC (155 л.с.);https://auto.ria.com/newauto/auto-renault-captur-1866134.html;25 176 $;673 000 грн;Киев
Renault Lodgy 2021Zen 1.5D МТ (90 л.с.);https://auto.ria.com/newauto/auto-renault-lodgy-1865226.html;19 116 $;511 000 грн;Киев
Renault Arkana 2020Intense 1.3 TCe CVT (150 л.с.);https://auto.ria.com/newauto/auto-renault-arkana-1858239.html;24 129 $;645 000 грн;Луцк
Renault Sandero StepWay 2021Zen 1.5DСi 5МТ (90 л.с.);https://auto.ria.com/newauto/auto-renault-sandero-stepway-1826123.html;16 228 $;433 800 грн;Запорожье
Renault Master груз. 2021PCC 1L4 5 P6 2.3D MT (165 л.с.) L4H1 4500;https://auto.ria.com/newauto/auto-renault-master-gruz-1849997.html;46 013 $;1 230 000 грн;Харьков
Renault Master груз. 2021PCC 1L3 4 F6 2.3D MT (150 л.с.) L3H1 3500;https://auto.ria.com/newauto/auto-renault-master-gruz-1862004.html;47 434 $;1 268 000 грн;Харьков
Renault Express 2021Zen 1.5D МТ (95 л.с.);https://auto.ria.com/newauto/auto-renault-express-1865041.html;18 895 $;505 100 грн;Киев
Renault Master груз. 2021PCC 1L4 5 P6 2.3D MT (165 л.с.) L4H1 4500;https://auto.ria.com/newauto/auto-renault-master-gruz-1862007.html;51 063 $;1 365 000 грн;Харьков
Renault Megane 2021Intense New 1.5D AТ (110 л.с.);https://auto.ria.com/newauto/auto-renault-megane-1863854.html;26 606 $;711 228 грн;Одесса
Renault Captur 2021Zen 1.3 TCe 7-EDC (130 л.с.);https://auto.ria.com/newauto/auto-renault-captur-1865996.html;22 591 $;603 900 грн;Умань
Renault Trafic груз. 2021Comfort 1.6dCi MT (115 л.с.) L1H1;https://auto.ria.com/newauto/auto-renault-trafic-gruz-1866002.html;26 661 $;712 700 грн;Умань
Renault Master груз. 20212.3D MT (125 л.с.) L3H2 3500;https://auto.ria.com/newauto/auto-renault-master-gruz-1862835.html;31 382 $;838 900 грн;Луцк
Renault Express Van 2021Zen 1.5D МТ (95 л.с.);https://auto.ria.com/newauto/auto-renault-express-van-1862437.html;18 218 $;487 000 грн;Харьков
Renault Arkana 2020Intense 1.3 TCe CVT (150 л.с.) 4WD;https://auto.ria.com/newauto/auto-renault-arkana-1859330.html;26 556 $;709 900 грн;Ровно
Renault Logan 2021Life+ New 1.5d MT (90 л.с.);https://auto.ria.com/newauto/auto-renault-logan-1865956.html;13 729 $;367 000 грн;Умань
Renault Logan 2021Life+ New 1.0 MT (73 л.с.);https://auto.ria.com/newauto/auto-renault-logan-1865955.html;12 876 $;344 200 грн;Умань
Renault Logan 2021Life+ New 1.0 MT (73 л.с.);https://auto.ria.com/newauto/auto-renault-logan-1862594.html;12 053 $;322 200 грн;Харьков
Renault Trafic груз. 2021Comfort 1.6dCi MT (115 л.с.) L1H1;https://auto.ria.com/newauto/auto-renault-trafic-gruz-1859782.html;27 907 $;746 000 грн;Харьков
Renault Arkana 2020Zen 1.6 CVT (114 л.с.);https://auto.ria.com/newauto/auto-renault-arkana-1851030.html;20 320 $;543 200 грн;Луцк
Renault Master груз. 2021TFG 1 323 D6 2.3D MT (125 л.с.) L3H2 3500;https://auto.ria.com/newauto/auto-renault-master-gruz-1866026.html;31 732 $;848 245 грн;Киев
Renault Master груз. 2020TFG 1 323 D6 2.3D MT (125 л.с.) L3H2 3500;https://auto.ria.com/newauto/auto-renault-master-gruz-1847728.html;32 695 $;874 000 грн;Харьков
Renault Master груз. 2020Double Cab 2.3D MT (165 л.с.) L4H1 4500;https://auto.ria.com/newauto/auto-renault-master-gruz-1847429.html;43 394 $;1 160 000 грн;Харьков
Renault Master груз. 2021PDC 1L4 5 P6 2.3D MT (165 л.с.) L4H1 4500;https://auto.ria.com/newauto/auto-renault-master-gruz-1820497.html;45 452 $;1 215 000 грн;Харьков
Renault Sandero 2021Life+ 1.5DCi 5MT (90 л.с.);https://auto.ria.com/newauto/auto-renault-sandero-1859433.html;14 526 $;388 310 грн;Ровно
Renault Sandero StepWay 2021Life+ 1.5DСi 5МТ (90 л.с.);https://auto.ria.com/newauto/auto-renault-sandero-stepway-1862368.html;15 562 $;416 010 грн;Ровно
Renault Master груз. 2020TFG 1 223 D6 2.3D MT (125 л.с.) L2H2 3500;https://auto.ria.com/newauto/auto-renault-master-gruz-1853049.html;44 816 $;1 198 000 грн;Харьков
Renault Express 2021Zen 1.6 МТ (110 л.с.);https://auto.ria.com/newauto/auto-renault-express-1865042.html;17 346 $; 17 706 $;Киев
Renault Sandero StepWay 2021Zen 0.9TCe 5MT (90 л.с.);https://auto.ria.com/newauto/auto-renault-sandero-stepway-1865946.html;15 300 $;409 000 грн;Киев
Renault Master груз. 20212.3D MT (150 л.с.) L4H1 4500;https://auto.ria.com/newauto/auto-renault-master-gruz-1857895.html;37 596 $;1 005 000 грн;Харьков
Renault Master груз. 20212.3D MT (165 л.с.) L4H3 4500;https://auto.ria.com/newauto/auto-renault-master-gruz-1861714.html;40 214 $;1 075 000 грн;Харьков
Renault Captur 2021Zen 1.3 TCe 7-EDC (130 л.с.);https://auto.ria.com/newauto/auto-renault-captur-1864118.html;23 568 $;630 000 грн;Луцк
Renault Sandero 2020Life+ 1.0 MT (73 л.с.) ГБО;https://auto.ria.com/newauto/auto-renault-sandero-1857401.html;12 988 $; 13 292 $;Ровно
Renault Lodgy 2021Life+ 1.5D МТ (90 л.с.);https://auto.ria.com/newauto/auto-renault-lodgy-1864122.html;20 388 $;545 000 грн;Луцк
Renault Dokker пасс. 2021Expression 1.5D МТ (90 л.с.);https://auto.ria.com/newauto/auto-renault-dokker-pass-1856380.html;19 078 $; 19 670 $;Ровно
Renault Duster 2021Life 1.6 MT (115 л.с.);https://auto.ria.com/newauto/auto-renault-duster-1860780.html;17 432 $;466 000 грн;Луцк
Renault Sandero StepWay 2021Life+ 0.9TCe 5MT (90 л.с.);https://auto.ria.com/newauto/auto-renault-sandero-stepway-1860714.html;14 926 $;399 000 грн;Луцк
Renault Arkana 2020Intense+ 1.3 TCe CVT (150 л.с.);https://auto.ria.com/newauto/auto-renault-arkana-1852758.html;27 825 $;743 800 грн;Харьков
Renault Kadjar 2021Zen 1.5 DCi MT6 (110 л.с.);https://auto.ria.com/newauto/auto-renault-kadjar-1866264.html;25 476 $;681 026 грн;Киев
Renault Captur 2021LE Intense 1.3 TCe 7-EDC (130 л.с.);https://auto.ria.com/newauto/auto-renault-captur-1864100.html;24 513 $;655 272 грн;Кропивницкий (Кировоград)
Renault Arkana 2021Zen 1.6i MT (114 л.с.);https://auto.ria.com/newauto/auto-renault-arkana-1866276.html;19 672 $;525 869 грн;Киев
Renault Kadjar 2021Zen 1.5 DCi EDC6 (110 л.с.);https://auto.ria.com/newauto/auto-renault-kadjar-1861528.html;26 726 $;714 438 грн;Кропивницкий (Кировоград)
Renault Logan 2021Zen New 1.5d MT (90 л.с.);https://auto.ria.com/newauto/auto-renault-logan-1866271.html;15 022 $;401 572 грн;Киев
Renault Arkana 2020Intense 1.3 TCe CVT (150 л.с.);https://auto.ria.com/newauto/auto-renault-arkana-1847224.html;23 564 $;629 900 грн;Житомир
Renault Sandero StepWay 2021Life+ 1.5DСi 5МТ (90 л.с.);https://auto.ria.com/newauto/auto-renault-sandero-stepway-1858708.html;15 962 $;426 699 грн;Киев
Renault Dokker груз. 2021Authentique 1.5D MT (90 л.с.);https://auto.ria.com/newauto/auto-renault-dokker-gruz-1866556.html;17 234 $;460 699 грн;Кропивницкий (Кировоград)
Renault Logan 2020Zen New 1.5d MT (90 л.с.);https://auto.ria.com/newauto/auto-renault-logan-1846170.html;16 086 $;430 000 грн;Днепр (Днепропетровск)
Renault Captur 2021Zen 1.3 TCe 7-EDC (130 л.с.);https://auto.ria.com/newauto/auto-renault-captur-1864139.html;22 309 $;596 354 грн;Кропивницкий (Кировоград)
Renault Captur 2021Zen 1.3 TCe 7-EDC (130 л.с.);https://auto.ria.com/newauto/auto-renault-captur-1863964.html;24 512 $;655 252 грн;Житомир
Renault Captur 2021LE Intense 1.3 TCe 7-EDC (130 л.с.);https://auto.ria.com/newauto/auto-renault-captur-1865202.html;25 016 $;668 732 грн;Киев
Renault Duster 2020Life 1.5 D MT (110 л.с.) AWD;https://auto.ria.com/newauto/auto-renault-duster-1846053.html;22 928 $;612 900 грн;Днепр (Днепропетровск)
Renault Duster 2021Zen 1.5 D MT (110 л.с.);https://auto.ria.com/newauto/auto-renault-duster-1866656.html;20 777 $;555 410 грн;Кропивницкий (Кировоград)
Renault Sandero StepWay 2021Zen 0.9TCe 5РКП (90 л.с.);https://auto.ria.com/newauto/auto-renault-sandero-stepway-1866361.html;16 115 $;430 786 грн;Кропивницкий (Кировоград)
Renault Sandero StepWay 2021Zen 1.5DСi 5МТ (90 л.с.);https://auto.ria.com/newauto/auto-renault-sandero-stepway-1860017.html;16 333 $;436 610 грн;Житомир
Renault Lodgy 2021Zen 1.5D МТ (90 л.с.);https://auto.ria.com/newauto/auto-renault-lodgy-1866265.html;19 255 $;514 707 грн;Киев
Renault Sandero 2021Life+ 1.0 MT (73 л.с.);https://auto.ria.com/newauto/auto-renault-sandero-1866325.html;11 483 $;306 965 грн;Киев
Renault Duster 2021Zen 1.5 D MT (110 л.с.) AWD;https://auto.ria.com/newauto/auto-renault-duster-1866327.html;22 577 $;603 526 грн;Киев
Renault Duster 2021Life 1.6 MT (115 л.с.);https://auto.ria.com/newauto/auto-renault-duster-1861077.html;17 440 $;466 200 грн;Киев
Renault Logan 2021Life+ New 1.0 MT (73 л.с.);https://auto.ria.com/newauto/auto-renault-logan-1864694.html;11 936 $;319 065 грн;Киев
Renault Duster 2021Zen 1.5 D MT (110 л.с.);https://auto.ria.com/newauto/auto-renault-duster-1866391.html;22 392 $;598 578 грн;Киев
Renault Megane 2021Zen 1.5d EDC7 (115 л.с.);https://auto.ria.com/newauto/auto-renault-megane-1865081.html;24 405 $;652 394 грн;Кропивницкий (Кировоград)
Renault Logan 2021Life+ New 1.0 MT (73 л.с.);https://auto.ria.com/newauto/auto-renault-logan-1843963.html;11 933 $;319 000 грн;Харьков
Renault Sandero StepWay 2021Life+ 1.5DСi 5МТ (90 л.с.);https://auto.ria.com/newauto/auto-renault-sandero-stepway-1848105.html;14 964 $;400 000 грн;Харьков
Renault Logan 2021Life+ New 1.5d MT (90 л.с.);https://auto.ria.com/newauto/auto-renault-logan-1843965.html;13 617 $;364 000 грн;Харьков
Renault Sandero StepWay 2021Zen 1.5DСi 5МТ (90 л.с.);https://auto.ria.com/newauto/auto-renault-sandero-stepway-1840858.html;16 333 $;436 600 грн;Харьков
Renault Trafic пасс. 2021Combi 1.6D MT (115 л.с.) L2H1;https://auto.ria.com/newauto/auto-renault-trafic-pass-1848115.html;31 536 $; 35 276 $;Харьков
Renault Duster 2021Life 1.5 D MT (110 л.с.);https://auto.ria.com/newauto/auto-renault-duster-1853454.html;19 082 $;510 100 грн;Харьков
Renault Captur 2021LE Intense 1.3 TCe 7-EDC (130 л.с.);https://auto.ria.com/newauto/auto-renault-captur-1865663.html;24 503 $; 25 438 $;Харьков
Renault Duster 2021Life 1.6 MT (115 л.с.) AWD;https://auto.ria.com/newauto/auto-renault-duster-1845003.html;18 903 $;505 300 грн;Харьков
Renault Express Van 2021Zen 1.5D МТ (95 л.с.);https://auto.ria.com/newauto/auto-renault-express-van-1860671.html;17 193 $;459 600 грн;Днепр (Днепропетровск)
Renault Master груз. 20212.3D MT (165 л.с.) L4H1 4500;https://auto.ria.com/newauto/auto-renault-master-gruz-1853246.html;32 508 $;869 000 грн;Днепр (Днепропетровск)
Renault Master груз. 2021Double Cab 2.3D MT (150 л.с.) L4H1 4500;https://auto.ria.com/newauto/auto-renault-master-gruz-1853251.html;35 535 $;949 900 грн;Днепр (Днепропетровск)
Renault Master груз. 20212.3D MT (150 л.с.) L3H1 4500;https://auto.ria.com/newauto/auto-renault-master-gruz-1853237.html;32 916 $;879 900 грн;Днепр (Днепропетровск)
Renault Express Van 2021Life 1.6 МТ (110 л.с.);https://auto.ria.com/newauto/auto-renault-express-van-1860668.html;13 740 $;367 300 грн;Днепр (Днепропетровск)
Renault Master груз. 20212.3D MT (150 л.с.) L3H2 4500;https://auto.ria.com/newauto/auto-renault-master-gruz-1853231.html;32 037 $;856 400 грн;Днепр (Днепропетровск)
Renault Master груз. 2021Double Cab 2.3D MT (125 л.с.) L3H1 3500;https://auto.ria.com/newauto/auto-renault-master-gruz-1853248.html;31 367 $;838 500 грн;Днепр (Днепропетровск)
Renault Express Van 2021Zen 1.6 МТ (110 л.с.);https://auto.ria.com/newauto/auto-renault-express-van-1860670.html;14 690 $;392 700 грн;Днепр (Днепропетровск)
Renault Master груз. 2021Double Cab 2.3D MT (125 л.с.) L2H1 3500;https://auto.ria.com/newauto/auto-renault-master-gruz-1853247.html;31 008 $;828 900 грн;Днепр (Днепропетровск)
Renault Master груз. 20212.3D MT (150 л.с.) L3H1 3500;https://auto.ria.com/newauto/auto-renault-master-gruz-1853236.html;32 437 $;867 100 грн;Днепр (Днепропетровск)
Renault Master груз. 20212.3D MT (150 л.с.) L4H1 4500;https://auto.ria.com/newauto/auto-renault-master-gruz-1853245.html;32 149 $;859 400 грн;Днепр (Днепропетровск)
Renault Trafic груз. 2021Comfort DC 1.6dCi  MT (140 л.с.) Start&Stop L2H1;https://auto.ria.com/newauto/auto-renault-trafic-gruz-1861976.html;30 413 $;813 000 грн;Днепр (Днепропетровск)
Renault Express Van 2021Life 1.6 МТ (110 л.с.);https://auto.ria.com/newauto/auto-renault-express-van-1860672.html;12 244 $;327 300 грн;Днепр (Днепропетровск)
Renault Master груз. 20212.3D MT (125 л.с.) L3H1 3500;https://auto.ria.com/newauto/auto-renault-master-gruz-1853235.html;28 865 $;771 600 грн;Днепр (Днепропетровск)
Renault Master груз. 20212.3D MT (165 л.с.) L4H3 4500;https://auto.ria.com/newauto/auto-renault-master-gruz-1853233.html;35 609 $;951 900 грн;Днепр (Днепропетровск)
Renault Master груз. 20212.3D MT (150 л.с.) L3H1 3500;https://auto.ria.com/newauto/auto-renault-master-gruz-1853243.html;30 006 $;802 100 грн;Днепр (Днепропетровск)
Renault Trafic груз. 2021Comfort DC 1.6dCi MT (115 л.с.) L2H1;https://auto.ria.com/newauto/auto-renault-trafic-gruz-1861975.html;27 267 $;728 900 грн;Днепр (Днепропетровск)
Renault Master груз. 2021Double Cab 2.3D MT (165 л.с.) L3H1 4500;https://auto.ria.com/newauto/auto-renault-master-gruz-1853250.html;34 940 $;934 000 грн;Днепр (Днепропетровск)
Renault Express Van 2021Life 1.5D МТ (95 л.с.);https://auto.ria.com/newauto/auto-renault-express-van-1860669.html;16 239 $;434 100 грн;Днепр (Днепропетровск)
Renault Master груз. 20212.3D MT (165 л.с.) L4H3 4500;https://auto.ria.com/newauto/auto-renault-master-gruz-1853225.html;38 041 $;1 016 900 грн;Днепр (Днепропетровск)
Renault Express Van 2021Zen 1.5D МТ (95 л.с.);https://auto.ria.com/newauto/auto-renault-express-van-1860675.html;15 697 $;419 600 грн;Днепр (Днепропетровск)
Renault Master груз. 2021Double Cab 2.3D MT (150 л.с.) L3H1 4500;https://auto.ria.com/newauto/auto-renault-master-gruz-1853249.html;34 581 $;924 400 грн;Днепр (Днепропетровск)
Renault Trafic груз. 2021Comfort 1.6dCi MT (115 л.с.) L2H1;https://auto.ria.com/newauto/auto-renault-trafic-gruz-1860158.html;24 529 $;655 700 грн;Днепр (Днепропетровск)
Renault Master груз. 2021TFG 1 113 D6 2.3D MT (125 л.с.) L1H1 3500;https://auto.ria.com/newauto/auto-renault-master-gruz-1853226.html;26 313 $;703 400 грн;Днепр (Днепропетровск)
Renault Master груз. 2021TFG 1 333 D6 2.3D MT (125 л.с.) L3H3 3500;https://auto.ria.com/newauto/auto-renault-master-gruz-1853230.html;29 175 $;779 900 грн;Днепр (Днепропетровск)
Renault Master груз. 2021TFG 1 123 D6 2.3D MT (125 л.с.) L1H2 3500;https://auto.ria.com/newauto/auto-renault-master-gruz-1853227.html;27 032 $;722 600 грн;Днепр (Днепропетровск)
Renault Trafic груз. 2021Comfort 1.6dCi MT (115 л.с.) L1H1;https://auto.ria.com/newauto/auto-renault-trafic-gruz-1860154.html;23 695 $;633 400 грн;Днепр (Днепропетровск)
Renault Dokker груз. 2021Authentique 1.5D MT (90 л.с.);https://auto.ria.com/newauto/auto-renault-dokker-gruz-1853274.html;16 755 $;447 900 грн;Днепр (Днепропетровск)
Renault Master груз. 2021Double Cab 2.3D MT (165 л.с.) L4H1 4500;https://auto.ria.com/newauto/auto-renault-master-gruz-1853259.html;33 103 $;884 900 грн;Днепр (Днепропетровск)
Renault Master груз. 2021TFG 1 123 D6 2.3D MT (125 л.с.) L1H2 3500;https://auto.ria.com/newauto/auto-renault-master-gruz-1853217.html;29 463 $;787 600 грн;Днепр (Днепропетровск)
Renault Master груз. 2021TFG 1 223 D6 2.3D MT (125 л.с.) L2H2 3500;https://auto.ria.com/newauto/auto-renault-master-gruz-1853228.html;27 387 $;732 100 грн;Днепр (Днепропетровск)
Renault Master груз. 20212.3D MT (125 л.с.) L2H1 3500;https://auto.ria.com/newauto/auto-renault-master-gruz-1853234.html;28 509 $;762 100 грн;Днепр (Днепропетровск)
Renault Master груз. 20212.3D MT (150 л.с.) L3H2 4500;https://auto.ria.com/newauto/auto-renault-master-gruz-1853223.html;34 468 $;921 400 грн;Днепр (Днепропетровск)
Renault Master груз. 2021Double Cab 2.3D MT (125 л.с.) L3H1 3500;https://auto.ria.com/newauto/auto-renault-master-gruz-1853254.html;28 936 $;773 500 грн;Днепр (Днепропетровск)
Renault Master груз. 20212.3D MT (125 л.с.) L3H1 3500;https://auto.ria.com/newauto/auto-renault-master-gruz-1829137.html;26 433 $;706 600 грн;Днепр (Днепропетровск)
Renault Master груз. 2021TFG 1 113 D6 2.3D MT (125 л.с.) L1H1 3500;https://auto.ria.com/newauto/auto-renault-master-gruz-1853216.html;28 745 $;768 400 грн;Днепр (Днепропетровск)
Renault Trafic груз. 2021Comfort 1.6dCi MT (115 л.с.) L1H1;https://auto.ria.com/newauto/auto-renault-trafic-gruz-1860153.html;26 126 $;698 400 грн;Днепр (Днепропетровск)
Renault Express Van 2021Life 1.5D МТ (95 л.с.);https://auto.ria.com/newauto/auto-renault-express-van-1860673.html;14 743 $;394 100 грн;Днепр (Днепропетровск)
Renault Master груз. 2021Double Cab 2.3D MT (150 л.с.) L3H1 4500;https://auto.ria.com/newauto/auto-renault-master-gruz-1853255.html;32 149 $;859 400 грн;Днепр (Днепропетровск)
Renault Trafic груз. 2021Comfort DC 1.6dCi MT (115 л.с.) L2H1;https://auto.ria.com/newauto/auto-renault-trafic-gruz-1861974.html;29 699 $;793 900 грн;Днепр (Днепропетровск)
Renault Dokker груз. 2021Authentique 1.5D MT (90 л.с.);https://auto.ria.com/newauto/auto-renault-dokker-gruz-1853276.html;15 446 $;412 900 грн;Днепр (Днепропетровск)
Renault Master груз. 2021TFG 1 223 D6 2.3D MT (125 л.с.) L2H2 3500;https://auto.ria.com/newauto/auto-renault-master-gruz-1853218.html;29 819 $;797 100 грн;Днепр (Днепропетровск)
Renault Trafic груз. 2021Comfort 1.6dCi  MT (140 л.с.) Start&Stop L2H1;https://auto.ria.com/newauto/auto-renault-trafic-gruz-1860173.html;27 675 $;739 800 грн;Днепр (Днепропетровск)
Renault Trafic груз. 2021Comfort 1.6dCi  MT (140 л.с.) Start&Stop L2H1;https://auto.ria.com/newauto/auto-renault-trafic-gruz-1860174.html;25 243 $;674 800 грн;Днепр (Днепропетровск)
Renault Master груз. 2021Double Cab 2.3D MT (165 л.с.) L3H1 4500;https://auto.ria.com/newauto/auto-renault-master-gruz-1854141.html;33 462 $;894 500 грн;Днепр (Днепропетровск)
Renault Trafic груз. 2021Comfort 1.6dCi  MT (140 л.с.) Start&Stop L1H1;https://auto.ria.com/newauto/auto-renault-trafic-gruz-1860155.html;26 841 $;717 500 грн;Днепр (Днепропетровск)
Renault Master груз. 20212.3D MT (150 л.с.) L4H1 4500;https://auto.ria.com/newauto/auto-renault-master-gruz-1853238.html;34 581 $;924 400 грн;Днепр (Днепропетровск)
Renault Master груз. 2021Double Cab 2.3D MT (165 л.с.) L4H1 4500;https://auto.ria.com/newauto/auto-renault-master-gruz-1853252.html;35 894 $;959 500 грн;Днепр (Днепропетровск)
Renault Express Van 2021Zen 1.6 МТ (110 л.с.);https://auto.ria.com/newauto/auto-renault-express-van-1860674.html;13 194 $;352 700 грн;Днепр (Днепропетровск)
Renault Master груз. 2021TFG 1 323 D6 2.3D MT (125 л.с.) L3H2 3500;https://auto.ria.com/newauto/auto-renault-master-gruz-1853229.html;28 281 $;756 000 грн;Днепр (Днепропетровск)
Renault Master груз. 20212.3D MT (150 л.с.) L3H1 4500;https://auto.ria.com/newauto/auto-renault-master-gruz-1853244.html;30 484 $;814 900 грн;Днепр (Днепропетровск)
Renault Trafic груз. 2021Comfort 1.6dCi MT (115 л.с.) L2H1;https://auto.ria.com/newauto/auto-renault-trafic-gruz-1860157.html;26 960 $;720 700 грн;Днепр (Днепропетровск)
Renault Master груз. 20212.3D MT (165 л.с.) L4H1 4500;https://auto.ria.com/newauto/auto-renault-master-gruz-1853240.html;34 940 $;934 000 грн;Днепр (Днепропетровск)
Renault Master груз. 20212.3D MT (150 л.с.) L4H3 4500;https://auto.ria.com/newauto/auto-renault-master-gruz-1853224.html;37 686 $;1 007 400 грн;Днепр (Днепропетровск)
Renault Master груз. 2021TFG 1 323 D6 2.3D MT (125 л.с.) L3H2 3500;https://auto.ria.com/newauto/auto-renault-master-gruz-1853219.html;30 713 $;821 000 грн;Днепр (Днепропетровск)
Renault Trafic груз. 2021Comfort DC 1.6dCi  MT (140 л.с.) Start&Stop L2H1;https://auto.ria.com/newauto/auto-renault-trafic-gruz-1861977.html;27 982 $;748 000 грн;Днепр (Днепропетровск)
Renault Master груз. 2021TFG 1 333 D6 2.3D MT (125 л.с.) L3H3 3500;https://auto.ria.com/newauto/auto-renault-master-gruz-1853222.html;31 607 $;844 900 грн;Днепр (Днепропетровск)
Renault Master груз. 20212.3D MT (150 л.с.) L4H3 4500;https://auto.ria.com/newauto/auto-renault-master-gruz-1853232.html;35 254 $;942 400 грн;Днепр (Днепропетровск)
Renault Master груз. 2021Double Cab 2.3D MT (150 л.с.) L4H1 4500;https://auto.ria.com/newauto/auto-renault-master-gruz-1853258.html;32 508 $;869 000 грн;Днепр (Днепропетровск)
Renault Trafic груз. 2021Comfort 1.6dCi  MT (140 л.с.) Start&Stop L1H1;https://auto.ria.com/newauto/auto-renault-trafic-gruz-1860156.html;24 409 $;652 500 грн;Днепр (Днепропетровск)
Renault Master груз. 2021Double Cab 2.3D MT (125 л.с.) L2H1 3500;https://auto.ria.com/newauto/auto-renault-master-gruz-1853253.html;28 577 $;763 900 грн;Днепр (Днепропетровск)
Renault Master груз. 20212.3D MT (125 л.с.) L2H1 3500;https://auto.ria.com/newauto/auto-renault-master-gruz-1853241.html;26 078 $;697 100 грн;Днепр (Днепропетровск)
