Menzil;Elanin Tarixi;Giymet;Link
2-otaqlı mənzil, İsmayıl Məmmədov küç., 50 m²;Bakı,3 Sentyabr ;83 000 AZN;https://tut.az/dasinmaz-emlak/ev-alqi-satqisi/2-otaqli-menzil-ismayil-memmedov-kuec-50-m2-95213/
3-otaqlı mənzil , Maştağa qəs., 45 m²;Bakı,Bu gün, 1:08 ;Elanı VIP etmək;#
3-otaqlı mənzil , Maştağa qəs., 45 m²;Bakı,Bu gün, 1:08 ;43 000 AZN;https://tut.az/dasinmaz-emlak/ev-alqi-satqisi/3-otaqli-menzil-satilir-mastaga-qes-45-m2-99945/
4-otaqlı mənzil , Nərimanov r., 164 m²;Bakı,11 Sentyabr ;245 000 AZN;https://tut.az/dasinmaz-emlak/ev-alqi-satqisi/4-otaqli-menzil-satilir-nerimanov-r-164-m2-99910/
2-otaqlı mənzil , Yasamal r. , 106 m²;Bakı,11 Sentyabr ;220 000 AZN;https://tut.az/dasinmaz-emlak/ev-alqi-satqisi/2-otaqli-menzil-satilir-yasamal-r-106-m2-99899/
3-otaqlı mənzil , Yasamal r. , 98 m²;Bakı,11 Sentyabr ;235 000 AZN;https://tut.az/dasinmaz-emlak/ev-alqi-satqisi/3-otaqli-menzil-satilir-yasamal-r-98-m2-99897/
3-otaqlı mənzil , Yasamal r. , 140 m²;Bakı,11 Sentyabr ;270 000 AZN;https://tut.az/dasinmaz-emlak/ev-alqi-satqisi/3-otaqli-menzil-satilir-yasamal-r-140-m2-99895/
3-otaqlı mənzil , Adil Məmmədov küç., 90 m²;Bakı,11 Sentyabr ;125 000 AZN;https://tut.az/dasinmaz-emlak/ev-alqi-satqisi/3-otaqli-menzil-satilir-adil-memmedov-kuec-90-m2-99894/
2-otaqlı mənzil , Nərimanov r., 108 m²;Bakı,11 Sentyabr ;205 000 AZN;https://tut.az/dasinmaz-emlak/ev-alqi-satqisi/2-otaqli-menzil-satilir-nerimanov-r-108-m2-99892/
3-otaqlı mənzil , Nəsimi r., 123 m²;Bakı,11 Sentyabr ;242 000 AZN;https://tut.az/dasinmaz-emlak/ev-alqi-satqisi/3-otaqli-menzil-satilir-nesimi-r-123-m2-99890/
3-otaqlı mənzil , Xətai r., 141 m²;Bakı,11 Sentyabr ;279 000 AZN;https://tut.az/dasinmaz-emlak/ev-alqi-satqisi/3-otaqli-menzil-satilir-xetai-r-141-m2-99886/
3-otaqlı mənzil , Nərimanov r., 147 m²;Bakı,11 Sentyabr ;205 800 AZN;https://tut.az/dasinmaz-emlak/ev-alqi-satqisi/3-otaqli-menzil-satilir-nerimanov-r-147-m2-99882/
3-otaqlı mənzil , Heydər Əliyev pr., 84 m²;Bakı,11 Sentyabr ;90 000 AZN;https://tut.az/dasinmaz-emlak/ev-alqi-satqisi/3-otaqli-menzil-satilir-heyder-eliyev-pr-84-m2-99879/
3-otaqlı mənzil , Xətai r., 165 m²;Bakı,11 Sentyabr ;280 000 AZN;https://tut.az/dasinmaz-emlak/ev-alqi-satqisi/3-otaqli-menzil-satilir-xetai-r-165-m2-99878/
2-otaqlı mənzil , Mircəlal küç., 50 m²;Bakı,11 Sentyabr ;65 000 AZN;https://tut.az/dasinmaz-emlak/ev-alqi-satqisi/2-otaqli-menzil-satilir-mircelal-kuec-50-m2-99876/
2-otaqlı mənzil , Əvəz Şəfiyev küç.., 60 m²;Xırdalan,11 Sentyabr ;42 000 AZN;https://tut.az/dasinmaz-emlak/ev-alqi-satqisi/2-otaqli-menzil-satilir-evez-sefiyev-kuec-60-m2-99872/
3-otaqlı mənzil , Ramiz Quliyev küç., 135 m²;Bakı,11 Sentyabr ;180 000 AZN;https://tut.az/dasinmaz-emlak/ev-alqi-satqisi/3-otaqli-menzil-satilir-ramiz-quliyev-kuec-135-m2-99854/
4-otaqlı mənzil , Rəşad Qafur küç., 200 m²;Bakı,11 Sentyabr ;550 000 AZN;https://tut.az/dasinmaz-emlak/ev-alqi-satqisi/4-otaqli-menzil-satilir-resad-qafur-kuec-200-m2-99828/
4-otaqlı mənzil , Sabit Rəhman küç., 175 m²;Bakı,11 Sentyabr ;340 000 AZN;https://tut.az/dasinmaz-emlak/ev-alqi-satqisi/4-otaqli-menzil-satilir-sabit-rehman-kuec-175-m2-99808/
2-otaqlı mənzil , Ağa Neymətulla küç.179, 100 m²;Bakı,11 Sentyabr ;165 000 AZN;https://tut.az/dasinmaz-emlak/ev-alqi-satqisi/2-otaqli-menzil-satilir-aga-neymetulla-kuec179-100-m2-99807/
4-otaqlı mənzil , Məmməd Araz küç., 174 m²;Bakı,11 Sentyabr ;350 000 AZN;https://tut.az/dasinmaz-emlak/ev-alqi-satqisi/4-otaqli-menzil-satilir-memmed-araz-kuec-174-m2-99794/
4-otaqlı mənzil , Ceyhun Hacıbəyli küç., 212 m²;Bakı,11 Sentyabr ;425 000 AZN;https://tut.az/dasinmaz-emlak/ev-alqi-satqisi/4-otaqli-menzil-satilir-ceyhun-hacibeyli-kuec-212-m2-99781/
2-otaqlı mənzil , Azadliq pr.86, 97 m²;Bakı,11 Sentyabr ;164 000 AZN;https://tut.az/dasinmaz-emlak/ev-alqi-satqisi/2-otaqli-menzil-satilir-azadliq-pr86-97-m2-99780/
4-otaqlı mənzil icarəyə verilir, Səməd Vurğun küç., 190 m²;Bakı,11 Sentyabr ;1 600 AZN;https://tut.az/dasinmaz-emlak/ev-alqi-satqisi/4-otaqli-menzil-icareye-verilir-semed-vurgun-kuec-190-m2-99771/
3-otaqlı mənzil , Zahid Xəlilov küç., 98 m²;Bakı,11 Sentyabr ;210 000 AZN;https://tut.az/dasinmaz-emlak/ev-alqi-satqisi/3-otaqli-menzil-satilir-zahid-xelilov-kuec-98-m2-99769/
3-otaqlı mənzil , Nəsimi r., 124 m²;Bakı,11 Sentyabr ;227 500 AZN;https://tut.az/dasinmaz-emlak/ev-alqi-satqisi/3-otaqli-menzil-satilir-nesimi-r-124-m2-99762/
2-otaqlı mənzil , Mirəli Seyidov küç., 105 m²;Bakı,11 Sentyabr ;188 000 AZN;https://tut.az/dasinmaz-emlak/ev-alqi-satqisi/2-otaqli-menzil-satilir-mireli-seyidov-kuec-105-m2-99759/
4-otaqlı mənzil , Nəsimi r. , 161 m²;Bakı,11 Sentyabr ;210 000 AZN;https://tut.az/dasinmaz-emlak/ev-alqi-satqisi/4-otaqli-menzil-satilir-nesimi-r-161-m2-99755/
2-otaqlı mənzil , Nəsimi r. , 106 m²;Bakı,11 Sentyabr ;215 000 AZN;https://tut.az/dasinmaz-emlak/ev-alqi-satqisi/2-otaqli-menzil-satilir-nesimi-r-106-m2-99729/
3-otaqlı mənzil , Nərimanov r., 135 m²;Bakı,11 Sentyabr ;238 000 AZN;https://tut.az/dasinmaz-emlak/ev-alqi-satqisi/3-otaqli-menzil-satilir-nerimanov-r-135-m2-99725/
4-otaqlı mənzil , Yasamal r., 182 m²;Bakı,11 Sentyabr ;230 000 AZN;https://tut.az/dasinmaz-emlak/ev-alqi-satqisi/4-otaqli-menzil-satilir-yasamal-r-182-m2-99721/
3-otaqlı mənzil , Yasamal r. , 135 m²;Bakı,11 Sentyabr ;230 000 AZN;https://tut.az/dasinmaz-emlak/ev-alqi-satqisi/3-otaqli-menzil-satilir-yasamal-r-135-m2-99716/
5-otaqlı mənzil , Bünyad Sərdarov küç., 288 m²;Bakı,11 Sentyabr ;540 000 AZN;https://tut.az/dasinmaz-emlak/ev-alqi-satqisi/5-otaqli-menzil-satilir-buenyad-serdarov-kuec-288-m2-99656/
3-otaqlı mənzil , Səməd Vurğun küç., 176 m²;Bakı,11 Sentyabr ;420 000 AZN;https://tut.az/dasinmaz-emlak/ev-alqi-satqisi/3-otaqli-menzil-satilir-semed-vurgun-kuec-176-m2-99652/
3-otaqlı mənzil , Afiyəddin Cəlilov küç., 141 m²;Bakı,11 Sentyabr ;320 000 AZN;https://tut.az/dasinmaz-emlak/ev-alqi-satqisi/3-otaqli-menzil-satilir-afiyeddin-celilov-kuec-141-m2-99647/
3-otaqlı mənzil icarəyə verilir, Təbriz küç., 120 m²;Bakı,11 Sentyabr ;1 000 AZN;https://tut.az/dasinmaz-emlak/ev-alqi-satqisi/3-otaqli-menzil-icareye-verilir-tebriz-kuec-120-m2-99638/
2-otaqlı mənzil icarəyə verilir, Xətai m\st., 80 m²;Bakı,11 Sentyabr ;700 AZN;https://tut.az/dasinmaz-emlak/ev-alqi-satqisi/2-otaqli-menzil-icareye-verilir-xetai-mst-80-m2-99637/
2-otaqlı mənzil icarəyə verilir, Neftçilər pr., 75 m²;Bakı,11 Sentyabr ;1 000 AZN;https://tut.az/dasinmaz-emlak/ev-alqi-satqisi/2-otaqli-menzil-icareye-verilir-neftciler-pr-75-m2-99636/
2-otaqlı mənzil , Aşıq Molla Cümə küç., 65 m²;Bakı,11 Sentyabr ;130 000 AZN;https://tut.az/dasinmaz-emlak/ev-alqi-satqisi/2-otaqli-menzil-satilir-asiq-molla-cueme-kuec-65-m2-99635/
3-otaqlı mənzil icarəyə verilir, İnşaatçılar m\st., 70 m²;Bakı,11 Sentyabr ;500 AZN;https://tut.az/dasinmaz-emlak/ev-alqi-satqisi/3-otaqli-menzil-icareye-verilir-insaatcilar-mst-70-m2-99634/
3-otaqlı mənzil , Həsən Bəy Zərdabi küç., 68 m²;Bakı,11 Sentyabr ;100 000 AZN;https://tut.az/dasinmaz-emlak/ev-alqi-satqisi/3-otaqli-menzil-satilir-hesen-bey-zerdabi-kuec-68-m2-99633/
3-otaqlı mənzil , Şamil Əzizbəyov küç., 150 m²;Bakı,11 Sentyabr ;275 000 AZN;https://tut.az/dasinmaz-emlak/ev-alqi-satqisi/3-otaqli-menzil-satilir-samil-ezizbeyov-kuec-150-m2-99625/
2-otaqlı mənzil , Həsən Bəy Zərdabi küç., 68 m²;Bakı,11 Sentyabr ;95 000 AZN;https://tut.az/dasinmaz-emlak/ev-alqi-satqisi/2-otaqli-menzil-satilir-hesen-bey-zerdabi-kuec-68-m2-99622/
2-otaqlı mənzil , Azərbaycan pr., 50 m²;Bakı,11 Sentyabr ;226 000 AZN;https://tut.az/dasinmaz-emlak/ev-alqi-satqisi/2-otaqli-menzil-satilir-azerbaycan-pr-50-m2-99621/
2-otaqlı mənzil icarəyə verilir, Babək pr., 100 m²;Bakı,11 Sentyabr ;850 AZN;https://tut.az/dasinmaz-emlak/ev-alqi-satqisi/2-otaqli-menzil-icareye-verilir-babek-pr-100-m2-99608/
4-otaqlı mənzil icarəyə verilir, Tbilisi pr., 255 m²;Bakı,11 Sentyabr ;1 600 AZN;https://tut.az/dasinmaz-emlak/ev-alqi-satqisi/4-otaqli-menzil-icareye-verilir-tbilisi-pr-255-m2-99603/
4-otaqlı mənzil , Ak.Həsən Əliyev küç., 290.5 m²;Bakı,11 Sentyabr ;270 000 AZN;https://tut.az/dasinmaz-emlak/ev-alqi-satqisi/4-otaqli-menzil-satilir-akhesen-eliyev-kuec-2905-m2-99586/
3-otaqlı mənzil icarəyə verilir, Sabit Orucov küç., 120 m²;Bakı,11 Sentyabr ;800 AZN;https://tut.az/dasinmaz-emlak/ev-alqi-satqisi/3-otaqli-menzil-icareye-verilir-sabit-orucov-kuec-120-m2-99571/
3-otaqlı mənzil , Q.Qarayev m/st., 70 m²;Bakı,11 Sentyabr ;105 000 AZN;https://tut.az/dasinmaz-emlak/ev-alqi-satqisi/3-otaqli-menzil-satilir-qqarayev-mst-70-m2-99554/
2-otaqlı mənzil icarəyə verilir, Neftçilər pr., 65 m²;Bakı,11 Sentyabr ;1 100 AZN;https://tut.az/dasinmaz-emlak/ev-alqi-satqisi/2-otaqli-menzil-icareye-verilir-neftciler-pr-65-m2-99550/
2-otaqlı mənzil , Hüseyn Seyidzadə küç.15, 60 m²;Bakı,11 Sentyabr ;82 000 AZN;https://tut.az/dasinmaz-emlak/ev-alqi-satqisi/2-otaqli-menzil-satilir-hueseyn-seyidzade-kuec15-60-m2-99497/
Сдается 2-комн. квартира,пр. Метбуат 18/7, 43 м²;Bakı,11 Sentyabr ;500 AZN;https://tut.az/dasinmaz-emlak/ev-alqi-satqisi/sdajetsa-2-komn-kvartira-pr-metbuat-187-43-m2-99389/
2-otaqlı mənzil, İsmayıl Məmmədov küç., 50 m²;Bakı,3 Sentyabr ;83 000 AZN;https://tut.az/dasinmaz-emlak/ev-alqi-satqisi/2-otaqli-menzil-ismayil-memmedov-kuec-50-m2-95213/
2-otaqlı mənzil , Xudu Məmmədov küç., 65 m²;Bakı,10 Sentyabr ;Elanı VIP etmək;#
2-otaqlı mənzil , Xudu Məmmədov küç., 65 m²;Bakı,10 Sentyabr ;73 000 AZN;https://tut.az/dasinmaz-emlak/ev-alqi-satqisi/2-otaqli-menzil-satilir-xudu-memmedov-kuec-65-m2-99369/
4-otaqlı mənzil , Cavanşir küç., 102 m²;Bakı,10 Sentyabr ;115 000 AZN;https://tut.az/dasinmaz-emlak/ev-alqi-satqisi/4-otaqli-menzil-satilir-cavansir-kuec-102-m2-99337/
2-otaqlı mənzil , 8-ci mkr., 45 m²;Sumqayıt,10 Sentyabr ;51 000 AZN;https://tut.az/dasinmaz-emlak/ev-alqi-satqisi/2-otaqli-menzil-satilir-8-ci-mkr-45-m2-99335/
3-otaqlı mənzil , Cavadxan küç., 120 m²;Bakı,10 Sentyabr ;180 000 AZN;https://tut.az/dasinmaz-emlak/ev-alqi-satqisi/3-otaqli-menzil-satilir-cavadxan-kuec-120-m2-99332/
2-otaqlı mənzil, Rəşid Behbudov küç., 119 м²;Bakı,10 Sentyabr ;325 000 AZN;https://tut.az/dasinmaz-emlak/ev-alqi-satqisi/2-otaqli-menzil-resid-behbudov-kuec-119-m2-99281/
2-otaqlı mənzil , 8 Noyabr pr., 57 m²;Bakı,10 Sentyabr ;141 000 AZN;https://tut.az/dasinmaz-emlak/ev-alqi-satqisi/2-otaqli-menzil-satilir-8-noyabr-pr-57-m2-99273/
3-otaqlı mənzil , Neftçilər pr., 120 m²;Bakı,10 Sentyabr ;618 000 AZN;https://tut.az/dasinmaz-emlak/ev-alqi-satqisi/3-otaqli-menzil-satilir-neftciler-pr-120-m2-99270/
4-otaqlı mənzil icarəyə verilir, Şəfayət Mehdiyev küç., 300 m²;Bakı,10 Sentyabr ;1 500 AZN;https://tut.az/dasinmaz-emlak/ev-alqi-satqisi/4-otaqli-menzil-icareye-verilir-sefayet-mehdiyev-kuec-300-m2-99261/
4-otaqlı mənzil , Əhmədli qəs., 100 m²;Bakı,10 Sentyabr ;150 000 AZN;https://tut.az/dasinmaz-emlak/ev-alqi-satqisi/4-otaqli-menzil-satilir-ehmedli-qes-100-m2-99258/
4-otaqlı mənzil , Abbas Mirzə Şərifzadə küç., 181 m²;Bakı,10 Sentyabr ;400 000 AZN;https://tut.az/dasinmaz-emlak/ev-alqi-satqisi/4-otaqli-menzil-satilir-abbas-mirze-serifzade-kuec-181-m2-99251/
2-otaqlı mənzil icarəyə verilir, Hüseyn Cavid pr., 112 m²;Bakı,10 Sentyabr ;850 AZN;https://tut.az/dasinmaz-emlak/ev-alqi-satqisi/2-otaqli-menzil-icareye-verilir-hueseyn-cavid-pr-112-m2-99233/
3-otaqlı mənzil günlük icarəyə verilir, Neftçilər pr., 113 m²;Bakı,10 Sentyabr ;2 500 AZN;https://tut.az/dasinmaz-emlak/ev-alqi-satqisi/3-otaqli-menzil-guenluek-icareye-verilir-neftciler-pr-113-m2-99205/
3-otaqlı mənzil icarəyə verilir, Tbilisi pr., 148 m²;Bakı,10 Sentyabr ;1 400 AZN;https://tut.az/dasinmaz-emlak/ev-alqi-satqisi/3-otaqli-menzil-icareye-verilir-tbilisi-pr-148-m2-99183/
4-otaqlı mənzil , Abdulvahab Salamzadə küç., 170 m²;Bakı,10 Sentyabr ;289 000 AZN;https://tut.az/dasinmaz-emlak/ev-alqi-satqisi/4-otaqli-menzil-satilir-abdulvahab-salamzade-kuec-170-m2-99182/
3-otaqlı mənzil , Ağa Nemətulla küç., 70 m²;Bakı,10 Sentyabr ;115 000 AZN;https://tut.az/dasinmaz-emlak/ev-alqi-satqisi/3-otaqli-menzil-satilir-aga-nemetulla-kuec-70-m2-99139/
3-otaqlı mənzil , Nəsimi r., 153 m²;Bakı,10 Sentyabr ;235 000 AZN;https://tut.az/dasinmaz-emlak/ev-alqi-satqisi/3-otaqli-menzil-satilir-nesimi-r-153-m2-99112/
3-otaqlı mənzil , Təbriz küç., 123 m²;Bakı,10 Sentyabr ;165 000 AZN;https://tut.az/dasinmaz-emlak/ev-alqi-satqisi/3-otaqli-menzil-satilir-tebriz-kuec-123-m2-99110/
4-otaqlı mənzil , Faiq Yunisov küç., 170 m²;Bakı,10 Sentyabr ;250 000 AZN;https://tut.az/dasinmaz-emlak/ev-alqi-satqisi/4-otaqli-menzil-satilir-faiq-yunisov-kuec-170-m2-99082/
3-otaqlı mənzil , Fərəc İsmayılov küç., 120m²;Bakı,10 Sentyabr ;200 000 AZN;https://tut.az/dasinmaz-emlak/ev-alqi-satqisi/3-otaqli-menzil-satilir-ferec-ismayilov-kuec-120m2-99076/
4-otaqlı mənzil , Səməd Vurğun küç., 178 m²;Bakı,10 Sentyabr ;231 400 AZN;https://tut.az/dasinmaz-emlak/ev-alqi-satqisi/4-otaqli-menzil-satilir-semed-vurgun-kuec-178-m2-99074/
3-otaqlı mənzil , Əsəd Əhmədov küç. , 115 m²;Bakı,10 Sentyabr ;128 000 AZN;https://tut.az/dasinmaz-emlak/ev-alqi-satqisi/3-otaqli-menzil-satilir-esed-ehmedov-kuec-115-m2-99069/
3-otaqlı mənzil , Əmircan qəs., 75 m²;Bakı,10 Sentyabr ;89 000 AZN;https://tut.az/dasinmaz-emlak/ev-alqi-satqisi/3-otaqli-menzil-satilir-emircan-qes-75-m2-99067/
3-otaqlı mənzil icarəyə verilir, Səməd Vurğun küç., 75 m²;Bakı,10 Sentyabr ;500 AZN;https://tut.az/dasinmaz-emlak/ev-alqi-satqisi/3-otaqli-menzil-icareye-verilir-semed-vurgun-kuec-75-m2-99066/
4-otaqlı mənzil , Əliyar Əliyev küç., 181 m²;Bakı,10 Sentyabr ;226 250 AZN;https://tut.az/dasinmaz-emlak/ev-alqi-satqisi/4-otaqli-menzil-satilir-eliyar-eliyev-kuec-181-m2-99064/
3-otaqlı mənzil , Sabit Rəhman küç., 156 m²;Bakı,10 Sentyabr ;290 000 AZN;https://tut.az/dasinmaz-emlak/ev-alqi-satqisi/3-otaqli-menzil-satilir-sabit-rehman-kuec-156-m2-99058/
4-otaqlı mənzil , Cəlil Məmmədquluzadə küç., 180 m²;Bakı,10 Sentyabr ;350 000 AZN;https://tut.az/dasinmaz-emlak/ev-alqi-satqisi/4-otaqli-menzil-satilir-celil-memmedquluzade-kuec-180-m2-99036/
3-otaqlı mənzil icarəyə verilir, Xocalı pr., 160 m²;Bakı,10 Sentyabr ;1 500 AZN;https://tut.az/dasinmaz-emlak/ev-alqi-satqisi/3-otaqli-menzil-icareye-verilir-xocali-pr-160-m2-99031/
5-otaqlı mənzil , Həsən Bey Zerdabi pr., 220 m²;Bakı,10 Sentyabr ;290 000 AZN;https://tut.az/dasinmaz-emlak/ev-alqi-satqisi/5-otaqli-menzil-satilir-hesen-bey-zerdabi-pr-220-m2-99025/
Сдается посуточно 2-комн. квартира, м. Кара Караева, 70 м2;Bakı,10 Fevral ;45 AZN;https://tut.az/baku/dasinmaz-emlak/ev-alqi-satqisi/sdajetsa-posutochno-2-komn-kvartira-m-kara-karajeva-70-m2-4774.html
Сдается посуточно 2-комн. квартира, м. Кара Караева, 70 м²;Bakı,12 Mart ;45 AZN;https://tut.az/dasinmaz-emlak/ev-alqi-satqisi/sdajetsa-posutochno-2-komn-kvartira-m-kara-karajeva-70-m2-19593/
Сдается посуточно 2-комн. квартира, м. Кара Караева, 70 м²;Bakı,12 Mart ;45 AZN;https://tut.az/dasinmaz-emlak/ev-alqi-satqisi/sdajetsa-posutochno-2-komn-kvartira-m-kara-karajeva-70-m2-19596/
2-otaqlı mənzil , İsmayıl Bəy Qutqaşınlı küç., 65 m²;Bakı,10 Sentyabr ;112 000 AZN;https://tut.az/dasinmaz-emlak/ev-alqi-satqisi/2-otaqli-menzil-satilir-ismayil-bey-qutqasinli-kuec-65-m2-99012/
2-otaqlı mənzil icarəyə verilir, Neftçilər pr., 70 m²;Bakı,10 Sentyabr ;600 AZN;https://tut.az/dasinmaz-emlak/ev-alqi-satqisi/2-otaqli-menzil-icareye-verilir-neftciler-pr-70-m2-99008/
3-otaqlı mənzil icarəyə verilir, İçəri Şəhər m\st., 120 m²;Bakı,10 Sentyabr ;750 AZN;https://tut.az/dasinmaz-emlak/ev-alqi-satqisi/3-otaqli-menzil-icareye-verilir-iceri-seher-mst-120-m2-98998/
2-otaqlı mənzil , Şamil Əzizbəyov küç., 70 m²;Bakı,10 Sentyabr ;115 000 AZN;https://tut.az/dasinmaz-emlak/ev-alqi-satqisi/2-otaqli-menzil-satilir-samil-ezizbeyov-kuec-70-m2-98992/
2-otaqlı mənzil icarəyə verilir, Heydər Əliyev pr., 70 m²;Bakı,10 Sentyabr ;600 AZN;https://tut.az/dasinmaz-emlak/ev-alqi-satqisi/2-otaqli-menzil-icareye-verilir-heyder-eliyev-pr-70-m2-98990/
1-otaqlı mənzil, Xırdalan ş., 48 м²;Xırdalan,10 Sentyabr ;39 000 AZN;https://tut.az/dasinmaz-emlak/ev-alqi-satqisi/1-otaqli-menzil-xirdalan-s-48-m2-98989/
3-otaqlı mənzil , İnşaatçılar m\st.;Bakı,10 Sentyabr ;135 000 AZN;https://tut.az/dasinmaz-emlak/ev-alqi-satqisi/3-otaqli-menzil-satilir-insaatcilar-mst-98984/
2-otaqlı mənzil icarəyə verilir, Təbriz küç., 85 m²;Bakı,10 Sentyabr ;700 AZN;https://tut.az/dasinmaz-emlak/ev-alqi-satqisi/2-otaqli-menzil-icareye-verilir-tebriz-kuec-85-m2-98975/
3-otaqlı mənzil , Məhəmməd Hadi küç., 106 m²;Bakı,10 Sentyabr ;153 000 AZN;https://tut.az/dasinmaz-emlak/ev-alqi-satqisi/3-otaqli-menzil-satilir-mehemmed-hadi-kuec-106-m2-98970/
3-otaqlı mənzil icarəyə verilir, Neftçilər pr., 115 m²;Bakı,10 Sentyabr ;3 500 AZN;https://tut.az/dasinmaz-emlak/ev-alqi-satqisi/3-otaqli-menzil-icareye-verilir-neftciler-pr-115-m2-98961/
2-otaqlı mənzil , Məhəmməd Hadi küç., 67 m²;Bakı,10 Sentyabr ;101 000 AZN;https://tut.az/dasinmaz-emlak/ev-alqi-satqisi/2-otaqli-menzil-satilir-mehemmed-hadi-kuec-67-m2-98964/
2-otaqlı mənzil icarəyə verilir, Neftçilər pr., 70 m²;Bakı,10 Sentyabr ;1 300 AZN;https://tut.az/dasinmaz-emlak/ev-alqi-satqisi/2-otaqli-menzil-icareye-verilir-neftciler-pr-70-m2-98947/
2-otaqlı mənzil , Həsən bəy Zərdabi küç., 76 m²;Bakı,10 Sentyabr ;129 000 AZN;https://tut.az/dasinmaz-emlak/ev-alqi-satqisi/2-otaqli-menzil-satilir-hesen-bey-zerdabi-kuec-76-m2-98945/
4-otaqlı mənzil icarəyə verilir, Üzeyir Hacibəyov küç., 200 m²;Bakı,10 Sentyabr ;3 500 AZN;https://tut.az/dasinmaz-emlak/ev-alqi-satqisi/4-otaqli-menzil-icareye-verilir-uezeyir-hacibeyov-kuec-200-m2-98931/
2-otaqlı mənzil icarəyə verilir, Ağa Nemətulla küç., 100 m²;Bakı,10 Sentyabr ;600 AZN;https://tut.az/dasinmaz-emlak/ev-alqi-satqisi/2-otaqli-menzil-icareye-verilir-aga-nemetulla-kuec-100-m2-98927/
2-otaqlı mənzil , Neftçilər m/st., 62 m²;Bakı,10 Sentyabr ;83 000 AZN;https://tut.az/dasinmaz-emlak/ev-alqi-satqisi/2-otaqli-menzil-satilir-neftciler-mst-62-m2-98920/
3-otaqlı mənzil , Əhmədli qəs., 90 m²;Bakı,10 Sentyabr ;115 000 AZN;https://tut.az/dasinmaz-emlak/ev-alqi-satqisi/3-otaqli-menzil-satilir-ehmedli-qes-90-m2-98913/
2-otaqlı mənzil , Məhəmməd Xiyabani küç., 96 m²;Bakı,10 Sentyabr ;127 000 AZN;https://tut.az/dasinmaz-emlak/ev-alqi-satqisi/2-otaqli-menzil-satilir-mehemmed-xiyabani-kuec-96-m2-98908/
2-otaqlı mənzil icarəyə verilir, Sabit Orucov küç., 65 m²;Bakı,10 Sentyabr ;1 000 AZN;https://tut.az/dasinmaz-emlak/ev-alqi-satqisi/2-otaqli-menzil-icareye-verilir-sabit-orucov-kuec-65-m2-98907/
2-otaqlı mənzil, İsmayıl Məmmədov küç., 50 m²;Bakı,3 Sentyabr ;83 000 AZN;https://tut.az/dasinmaz-emlak/ev-alqi-satqisi/2-otaqli-menzil-ismayil-memmedov-kuec-50-m2-95213/
4-otaqlı mənzil , Əhmədli m/st., 90 m²;Bakı,10 Sentyabr ;Elanı VIP etmək;#
4-otaqlı mənzil , Əhmədli m/st., 90 m²;Bakı,10 Sentyabr ;102 000 AZN;https://tut.az/dasinmaz-emlak/ev-alqi-satqisi/4-otaqli-menzil-satilir-ehmedli-mst-90-m2-98902/
2-otaqlı mənzil icarəyə verilir, Hüseyn Cavid pr., 112 m²;Bakı,10 Sentyabr ;850 AZN;https://tut.az/dasinmaz-emlak/ev-alqi-satqisi/2-otaqli-menzil-icareye-verilir-hueseyn-cavid-pr-112-m2-98894/
3-otaqlı mənzil icarəyə verilir, Əliyar Əliyev küç., 92 m²;Bakı,10 Sentyabr ;600 AZN;https://tut.az/dasinmaz-emlak/ev-alqi-satqisi/3-otaqli-menzil-icareye-verilir-eliyar-eliyev-kuec-92-m2-98882/
1-otaqlı mənzil icarəyə verilir, Bünyad Sərdarov küç., 53 m²;Bakı,10 Sentyabr ;500 AZN;https://tut.az/dasinmaz-emlak/ev-alqi-satqisi/1-otaqli-menzil-icareye-verilir-buenyad-serdarov-kuec-53-m2-98871/
3-otaqlı mənzil , Əsəd Əhmədov küç., 100.3 m²;Bakı,10 Sentyabr ;135 000 AZN;https://tut.az/dasinmaz-emlak/ev-alqi-satqisi/3-otaqli-menzil-satilir-esed-ehmedov-kuec-1003-m2-98865/
2-otaqlı mənzil icarəyə verilir, Heydər Əliyev pr., 100 m²;Bakı,10 Sentyabr ;600 AZN;https://tut.az/dasinmaz-emlak/ev-alqi-satqisi/2-otaqli-menzil-icareye-verilir-heyder-eliyev-pr-100-m2-98858/
3-otaqlı mənzil icarəyə verilir, Salatın Əsgərova küç., 106 m²;Bakı,10 Sentyabr ;850 AZN;https://tut.az/dasinmaz-emlak/ev-alqi-satqisi/3-otaqli-menzil-icareye-verilir-salatin-esgerova-kuec-106-m2-98805/
4-otaqlı mənzil , Antalya ş., 170 m²;Digər,10 Sentyabr ;121 000 AZN;https://tut.az/dasinmaz-emlak/ev-alqi-satqisi/4-otaqli-menzil-satilir-antalya-s-170-m2-98806/
2-otaqlı mənzil icarəyə verilir, Hüseyn Cavid pr. 5258, 112 m²;Bakı,10 Sentyabr ;800 AZN;https://tut.az/dasinmaz-emlak/ev-alqi-satqisi/2-otaqli-menzil-icareye-verilir-hueseyn-cavid-pr-5258-112-m2-98801/
3-otaqlı mənzil , Mir Cəlal küç. 22, 50 m²;Bakı, 10 Sentyabr ;76 000 AZN;https://tut.az/dasinmaz-emlak/ev-alqi-satqisi/3-otaqli-menzil-satilir-mir-celal-kuec-22-50-m2-98800/
3-otaqlı mənzil , Qaraçuxur qəs., 104 m²;Bakı,10 Sentyabr ;110 000 AZN;https://tut.az/dasinmaz-emlak/ev-alqi-satqisi/3-otaqli-menzil-satilir-qaracuxur-qes-104-m2-98796/
3-otaqlı mənzil , 9-cu mkr., 83 m²;Bakı,10 Sentyabr ;78 000 AZN;https://tut.az/dasinmaz-emlak/ev-alqi-satqisi/3-otaqli-menzil-satilir-9-cu-mkr-83-m2-98777/
2-otaqlı mənzil , Saray qəs., 75 m²;Sumqayıt,9 Sentyabr ;32 000 AZN;https://tut.az/dasinmaz-emlak/ev-alqi-satqisi/2-otaqli-menzil-satilir-saray-qes-75-m2-98694/
5-otaqlı mənzil , Xətai rayonu, 283 m²;Bakı,9 Sentyabr ;930 000 AZN;https://tut.az/dasinmaz-emlak/ev-alqi-satqisi/5-otaqli-menzil-satilir-xetai-rayonu-283-m2-98667/
4-otaqlı mənzil , Binəqədi r., 205 m²;Bakı,9 Sentyabr ;340 000 AZN;https://tut.az/dasinmaz-emlak/ev-alqi-satqisi/4-otaqli-menzil-satilir-bineqedi-r-205-m2-98643/
3-otaqlı mənzil , Nərimanov r., 108 m²;Bakı,9 Sentyabr ;310 000 AZN;https://tut.az/dasinmaz-emlak/ev-alqi-satqisi/3-otaqli-menzil-satilir-nerimanov-r-108-m2-98635/
3-otaqlı mənzil , Nəsimi r. , 160 m²;Bakı,9 Sentyabr ;540 000 AZN;https://tut.az/dasinmaz-emlak/ev-alqi-satqisi/3-otaqli-menzil-satilir-nesimi-r-160-m2-98630/
1-otaqlı mənzil , Köhnə Günəşli qəs., 35 m²;Bakı,9 Sentyabr ;52 000 AZN;https://tut.az/dasinmaz-emlak/ev-alqi-satqisi/1-otaqli-menzil-satilir-koehne-guenesli-qes-35-m2-98629/
3-otaqlı mənzil , Nəsimi r., 140 m²;Bakı,9 Sentyabr ;350 000 AZN;https://tut.az/dasinmaz-emlak/ev-alqi-satqisi/3-otaqli-menzil-satilir-nesimi-r-140-m2-98628/
3-otaqlı mənzil , Əliyar Əliyev küç. , 100 m²;Bakı,9 Sentyabr ;125 000 AZN;https://tut.az/dasinmaz-emlak/ev-alqi-satqisi/3-otaqli-menzil-satilir-eliyar-eliyev-kuec-100-m2-98623/
8-otaqlı mənzil , Nərimanov r., 499 m²;Bakı,9 Sentyabr ;1 280 000 AZN;https://tut.az/dasinmaz-emlak/ev-alqi-satqisi/8-otaqli-menzil-satilir-nerimanov-r-499-m2-98622/
7-otaqlı mənzil , Yasamal r. , 462 m²;Bakı,9 Sentyabr ;1 705 000 AZN;https://tut.az/dasinmaz-emlak/ev-alqi-satqisi/7-otaqli-menzil-satilir-yasamal-r-462-m2-98620/
2-otaqlı mənzil icarəyə verilir, Əsəd Əhmədov küç., 54 m²;Bakı,9 Sentyabr ;350 AZN;https://tut.az/dasinmaz-emlak/ev-alqi-satqisi/2-otaqli-menzil-icareye-verilir-esed-ehmedov-kuec-54-m2-98602/
3-otaqlı mənzil , Memar Əcəmi m\st., 116 м²;Bakı,9 Sentyabr ;142 000 AZN;https://tut.az/dasinmaz-emlak/ev-alqi-satqisi/3-otaqli-menzil-satilir-memar-ecemi-mst-116-m2-98596/
3-otaqlı mənzil , Əsəd Əhmədov küç., 128 m²;Bakı,9 Sentyabr ;155 000 AZN;https://tut.az/dasinmaz-emlak/ev-alqi-satqisi/3-otaqli-menzil-satilir-esed-ehmedov-kuec-128-m2-98593/
2-otaqlı mənzil icarəyə verilir, Fətəli Xan Xoyski küç., 52 m²;Bakı,9 Sentyabr ;400 AZN;https://tut.az/dasinmaz-emlak/ev-alqi-satqisi/2-otaqli-menzil-icareye-verilir-feteli-xan-xoyski-kuec-52-m2-98589/
3-otaqlı mənzil , Xırdalan ş., 55 m²;Xırdalan,9 Sentyabr ;47 000 AZN;https://tut.az/dasinmaz-emlak/ev-alqi-satqisi/3-otaqli-menzil-satilir-xirdalan-s-55-m2-98580/
3-otaqlı mənzil , Mərkəzi Bulvar küç., 157 m²;Bakı,9 Sentyabr ;314 000 AZN;https://tut.az/dasinmaz-emlak/ev-alqi-satqisi/3-otaqli-menzil-satilir-merkezi-bulvar-kuec-157-m2-98581/
2-otaqlı mənzil , Xırdalan ş., 62 m²;Xırdalan,9 Sentyabr ;28 000 AZN;https://tut.az/dasinmaz-emlak/ev-alqi-satqisi/2-otaqli-menzil-satilir-xirdalan-s-62-m2-98585/
3-otaqlı mənzil , Q.Qarayev m/st., 98 m²;Bakı,9 Sentyabr ;163 000 AZN;https://tut.az/dasinmaz-emlak/ev-alqi-satqisi/3-otaqli-menzil-satilir-qqarayev-mst-98-m2-98594/
2-otaqlı mənzil icarəyə verilir, Ş.İ.Xətai m/st., 90 m²;Bakı,9 Sentyabr ;650 AZN;https://tut.az/dasinmaz-emlak/ev-alqi-satqisi/2-otaqli-menzil-icareye-verilir-sixetai-mst-90-m2-98591/
3-otaqlı mənzil icarəyə verilir, Ü.Hacıbəyov küç., 120 m²;Bakı,9 Sentyabr ;600 AZN;https://tut.az/dasinmaz-emlak/ev-alqi-satqisi/3-otaqli-menzil-icareye-verilir-uehacibeyov-kuec-120-m2-98573/
3-otaqlı mənzil icarəyə verilir, Həsən Salmani küç., 95 m²;Bakı,9 Sentyabr ;850 AZN;https://tut.az/dasinmaz-emlak/ev-alqi-satqisi/3-otaqli-menzil-icareye-verilir-hesen-salmani-kuec-95-m2-98535/
4-otaqlı mənzil , Qara Qarayev m/st., 100 m²;Bakı,9 Sentyabr ;150 000 AZN;https://tut.az/dasinmaz-emlak/ev-alqi-satqisi/4-otaqli-menzil-satilir-qara-qarayev-mst-100-m2-98531/
3-otaqlı mənzil, 4-cü mkr., 97 m²;Bakı,9 Sentyabr ;107 000 AZN;https://tut.az/dasinmaz-emlak/ev-alqi-satqisi/3-otaqli-menzil-4-cue-mkr-97-m2-98529/
2-otaqlı mənzil, 9-cu mkr., 50 m²;Bakı,9 Sentyabr ;74 000 AZN;https://tut.az/dasinmaz-emlak/ev-alqi-satqisi/2-otaqli-menzil-9-cu-mkr-50-m2-98518/
4-otaqlı mənzil icarəyə verilir, Neftçilər pr., 220 m²;Bakı,9 Sentyabr ;2 500 AZN;https://tut.az/dasinmaz-emlak/ev-alqi-satqisi/4-otaqli-menzil-icareye-verilir-neftciler-pr-220-m2-98524/
2-otaqlı mənzil, 20 Yanvar m/st., 68 м²;Bakı,9 Sentyabr ;92 000 AZN;https://tut.az/dasinmaz-emlak/ev-alqi-satqisi/2-otaqli-menzil-20-yanvar-mst-68-m2-98492/
4-otaqlı mənzil , Nərimanov r., 215 m²;Bakı,9 Sentyabr ;385 000 AZN;https://tut.az/dasinmaz-emlak/ev-alqi-satqisi/4-otaqli-menzil-satilir-nerimanov-r-215-m2-98487/
4-otaqlı mənzil icarəyə verilir, Aşıq Molla Cümə küç. 7E, 165 m²;Bakı,9 Sentyabr ;800 AZN;https://tut.az/dasinmaz-emlak/ev-alqi-satqisi/4-otaqli-menzil-icareye-verilir-asiq-molla-cueme-kuec-7e-165-m2-98485/
2-otaqlı mənzil, Mir Cəlal küç., 74 м²;Bakı,9 Sentyabr ;90 000 AZN;https://tut.az/dasinmaz-emlak/ev-alqi-satqisi/2-otaqli-menzil-mir-celal-kuec-74-m2-98483/
3-otaqlı mənzil , Yeni Yasamal qəs., 150 m²;Bakı,9 Sentyabr ;300 000 AZN;https://tut.az/dasinmaz-emlak/ev-alqi-satqisi/3-otaqli-menzil-satilir-yeni-yasamal-qes-150-m2-98457/
4-otaqlı mənzil , Dilarə Əliyeva küç., 189 m²;Bakı,9 Sentyabr ;770 000 AZN;https://tut.az/dasinmaz-emlak/ev-alqi-satqisi/4-otaqli-menzil-satilir-dilare-eliyeva-kuec-189-m2-98447/
2-otaqlı mənzil icarəyə verilir, Fikrət Əmirov küç. 2, 70 m²;Bakı,9 Sentyabr ;550 AZN;https://tut.az/dasinmaz-emlak/ev-alqi-satqisi/2-otaqli-menzil-icareye-verilir-fikret-emirov-kuec-2-70-m2-98407/
4-otaqlı mənzil , Abdulvahab Salamzadə küç., 215 m²;Bakı,9 Sentyabr ;295 000 AZN;https://tut.az/dasinmaz-emlak/ev-alqi-satqisi/4-otaqli-menzil-satilir-abdulvahab-salamzade-kuec-215-m2-98404/
3-otaqlı mənzil, Arif Heydərov küç. 26, 60 м²;Bakı,9 Sentyabr ;105 000 AZN;https://tut.az/dasinmaz-emlak/ev-alqi-satqisi/3-otaqli-menzil-arif-heyderov-kuec-26-60-m2-98382/
3-otaqlı mənzil icarəyə verilir, Biləcəri qəs., 60 m²;Bakı,9 Sentyabr ;350 AZN;https://tut.az/dasinmaz-emlak/ev-alqi-satqisi/3-otaqli-menzil-icareye-verilir-bileceri-qes-60-m2-98380/
2-otaqlı mənzil icarəyə verilir, 20 Yanvar m., 50 m²;Bakı,9 Sentyabr ;320 AZN;https://tut.az/dasinmaz-emlak/ev-alqi-satqisi/2-otaqli-menzil-icareye-verilir-20-yanvar-m-50-m2-98373/
4-otaqlı mənzil icarəyə verilir, Xocalı pr. 36, 105 m²;Bakı,9 Sentyabr ;700 AZN;https://tut.az/dasinmaz-emlak/ev-alqi-satqisi/4-otaqli-menzil-icareye-verilir-xocali-pr-36-105-m2-98366/
2-otaqlı mənzil , Cavanşir küç., 61 m²;Bakı,9 Sentyabr ;77 000 AZN;https://tut.az/dasinmaz-emlak/ev-alqi-satqisi/2-otaqli-menzil-satilir-cavansir-kuec-61-m2-98354/
2-otaqlı mənzil, İsmayıl Məmmədov küç., 50 m²;Bakı,3 Sentyabr ;83 000 AZN;https://tut.az/dasinmaz-emlak/ev-alqi-satqisi/2-otaqli-menzil-ismayil-memmedov-kuec-50-m2-95213/
3-otaqlı mənzil , Əliyar Əliyev küç., 95 m²;Bakı,9 Sentyabr ;Elanı VIP etmək;#
3-otaqlı mənzil , Əliyar Əliyev küç., 95 m²;Bakı,9 Sentyabr ;175 000 AZN;https://tut.az/dasinmaz-emlak/ev-alqi-satqisi/3-otaqli-menzil-satilir-eliyar-eliyev-kuec-95-m2-98347/
2-otaqlı mənzil , Həsən Bəy Zərdabi küç., 80 m²;Bakı,9 Sentyabr ;125 000 AZN;https://tut.az/dasinmaz-emlak/ev-alqi-satqisi/2-otaqli-menzil-satilir-hesen-bey-zerdabi-kuec-80-m2-98346/
3-otaqlı mənzil , Xudu Məmmədov küç., 125 m²;Bakı,9 Sentyabr ;160 000 AZN;https://tut.az/dasinmaz-emlak/ev-alqi-satqisi/3-otaqli-menzil-satilir-xudu-memmedov-kuec-125-m2-98345/
3-otaqlı mənzil , Atatürk pr., 78 m²;Bakı,9 Sentyabr ;138 000 AZN;https://tut.az/dasinmaz-emlak/ev-alqi-satqisi/3-otaqli-menzil-satilir-atatuerk-pr-78-m2-98333/
2-otaqlı mənzil icarəyə verilir, Gəncə pr., 84 m²;Bakı,9 Sentyabr ;600 AZN;https://tut.az/dasinmaz-emlak/ev-alqi-satqisi/2-otaqli-menzil-icareye-verilir-gence-pr-84-m2-98330/
3-otaqlı mənzil icarəyə verilir, Sübhi Salayev küç. 16, 100 m²;Bakı,9 Sentyabr ;900 AZN;https://tut.az/dasinmaz-emlak/ev-alqi-satqisi/3-otaqli-menzil-icareye-verilir-suebhi-salayev-kuec-16-100-m2-98328/
3-otaqlı mənzil , Binəqədi r., 98 m²;Bakı,9 Sentyabr ;155 000 AZN;https://tut.az/dasinmaz-emlak/ev-alqi-satqisi/3-otaqli-menzil-satilir-bineqedi-r-98-m2-98327/
3-otaqlı mənzil , Şərifzadə küç., 145 m²;Bakı,9 Sentyabr ;225 000 AZN;https://tut.az/dasinmaz-emlak/ev-alqi-satqisi/3-otaqli-menzil-satilir-serifzade-kuec-145-m2-98316/
3-otaqlı mənzil , Koroğlu Rəhimov küç., 105 m²;Bakı,9 Sentyabr ;215 000 AZN;https://tut.az/dasinmaz-emlak/ev-alqi-satqisi/3-otaqli-menzil-satilir-koroglu-rehimov-kuec-105-m2-98321/
3-otaqlı mənzil , Azadlıq pr., 155 m²;Bakı,9 Sentyabr ;350 000 AZN;https://tut.az/dasinmaz-emlak/ev-alqi-satqisi/3-otaqli-menzil-satilir-azadliq-pr-155-m2-98304/
2-otaqlı mənzil, Yeni Yasamal qəs., 90 m²;Bakı,9 Sentyabr ;120 000 AZN;https://tut.az/dasinmaz-emlak/ev-alqi-satqisi/2-otaqli-menzil-yeni-yasamal-qes-90-m2-98296/
3-otaqlı mənzil , Təbriz küç., 153 m²;Bakı,9 Sentyabr ;214 000 AZN;https://tut.az/dasinmaz-emlak/ev-alqi-satqisi/3-otaqli-menzil-satilir-tebriz-kuec-153-m2-98302/
3-otaqlı mənzil , Qarabağ küç., 147 m²;Bakı,9 Sentyabr ;204 400 AZN;https://tut.az/dasinmaz-emlak/ev-alqi-satqisi/3-otaqli-menzil-satilir-qarabag-kuec-147-m2-98297/
4-otaqlı mənzil , Qarabağ küç., 205 m²;Bakı,9 Sentyabr ;340 000 AZN;https://tut.az/dasinmaz-emlak/ev-alqi-satqisi/4-otaqli-menzil-satilir-qarabag-kuec-205-m2-98293/
2-otaqlı mənzil icarəyə verilir, İ.B.Qutqaşınlı., 90 m²;Bakı,9 Sentyabr ;800 AZN;https://tut.az/dasinmaz-emlak/ev-alqi-satqisi/2-otaqli-menzil-icareye-verilir-ibqutqasinli-90-m2-98291/
4-otaqlı mənzil , Əliəşrəf Əlizadə küç., 237 m²;Bakı,9 Sentyabr ;325 000 AZN;https://tut.az/dasinmaz-emlak/ev-alqi-satqisi/4-otaqli-menzil-satilir-eliesref-elizade-kuec-237-m2-98286/
2-otaqlı mənzil , İnqilab İsmayılov küç., 55 m²;Bakı,9 Sentyabr ;73 500 AZN;https://tut.az/dasinmaz-emlak/ev-alqi-satqisi/2-otaqli-menzil-satilir-inqilab-ismayilov-kuec-55-m2-98283/
2-otaqlı mənzil , Əsəd Əhmədov küç., 66 m²; Bakı,9 Sentyabr ;86 000 AZN;https://tut.az/dasinmaz-emlak/ev-alqi-satqisi/2-otaqli-menzil-satilir-esed-ehmedov-kuec-66-m2-98279/
3-otaqlı mənzil icarəyə verilir, Səbail r. 16, 80 m²;Bakı,9 Sentyabr ;850 AZN;https://tut.az/dasinmaz-emlak/ev-alqi-satqisi/3-otaqli-menzil-icareye-verilir-sebail-r-16-80-m2-98278/
4-otaqlı mənzil , Əliyar Əliyev küç., 181 m²; Bakı,9 Sentyabr ;220 000 AZN;https://tut.az/dasinmaz-emlak/ev-alqi-satqisi/4-otaqli-menzil-satilir-eliyar-eliyev-kuec-181-m2-98275/
3-otaqlı mənzil , Montin qəs., 103 m²;Bakı,9 Sentyabr ;155 000 AZN;https://tut.az/dasinmaz-emlak/ev-alqi-satqisi/3-otaqli-menzil-satilir-montin-qes-103-m2-98272/
2-otaqlı mənzil icarəyə verilir, Qarabağ küç., 90 m²;Bakı,9 Sentyabr ;550 AZN;https://tut.az/dasinmaz-emlak/ev-alqi-satqisi/2-otaqli-menzil-icareye-verilir-qarabag-kuec-90-m2-98269/
2-otaqlı mənzil , Əsəd Əhmədov küç., 65 m²;Bakı,9 Sentyabr ;85 000 AZN;https://tut.az/dasinmaz-emlak/ev-alqi-satqisi/2-otaqli-menzil-satilir-esed-ehmedov-kuec-65-m2-98251/
1-otaqlı mənzil icarəyə verilir, B.Sərdarov küç., 60 m²;Bakı,9 Sentyabr ;550 AZN;https://tut.az/dasinmaz-emlak/ev-alqi-satqisi/1-otaqli-menzil-icareye-verilir-bserdarov-kuec-60-m2-98249/
2-otaqlı mənzil , Yeni Günəşli qəs., 70 m²;Bakı,9 Sentyabr ;30 000 AZN;https://tut.az/dasinmaz-emlak/ev-alqi-satqisi/2-otaqli-menzil-satilir-yeni-guenesli-qes-70-m2-98215/
2-otaqlı mənzil , Elşən Süleymanov küç., 54 m²;Bakı,9 Sentyabr ;78 000 AZN;https://tut.az/dasinmaz-emlak/ev-alqi-satqisi/2-otaqli-menzil-satilir-elsen-sueleymanov-kuec-54-m2-98207/
3-otaqlı mənzil , Ceyranbatan qəs., 76 m²;Bakı,9 Sentyabr ;72 000 AZN;https://tut.az/dasinmaz-emlak/ev-alqi-satqisi/3-otaqli-menzil-satilir-ceyranbatan-qes-76-m2-97882/
1-otaqlı mənzil icarəyə verilir, 9-cu mkr., 53 m²;Bakı,9 Sentyabr ;320 AZN;https://tut.az/dasinmaz-emlak/ev-alqi-satqisi/1-otaqli-menzil-icareye-verilir-9-cu-mkr-53-m2-98161/
2-otaqlı mənzil , Badamdar qəs., 76 m²;Bakı,9 Sentyabr ;118 000 AZN;https://tut.az/dasinmaz-emlak/ev-alqi-satqisi/2-otaqli-menzil-satilir-badamdar-qes-76-m2-98169/
3-otaqlı mənzil , Əliağa Vahid küç., 92 m²;Bakı,9 Sentyabr ;99 000 AZN;https://tut.az/dasinmaz-emlak/ev-alqi-satqisi/3-otaqli-menzil-satilir-eliaga-vahid-kuec-92-m2-98177/
2-otaqlı mənzil icarəyə verilir, Təbriz küç., 75 m²;Bakı,8 Sentyabr ;700 AZN;https://tut.az/dasinmaz-emlak/ev-alqi-satqisi/2-otaqli-menzil-icareye-verilir-tebriz-kuec-75-m2-98160/
3-otaqlı mənzil , Həsən Əliyev küç., 111 m²;Bakı,8 Sentyabr ;185 370 AZN;https://tut.az/dasinmaz-emlak/ev-alqi-satqisi/3-otaqli-menzil-satilir-hesen-eliyev-kuec-111-m2-98134/
3-otaqlı mənzil , Nərimanov r., 134 m²;Bakı,8 Sentyabr ;340 000 AZN;https://tut.az/dasinmaz-emlak/ev-alqi-satqisi/3-otaqli-menzil-satilir-nerimanov-r-134-m2-98122/
3-otaqlı mənzil , Xətai r., 155 m²;Bakı,8 Sentyabr ;340 000 AZN;https://tut.az/dasinmaz-emlak/ev-alqi-satqisi/3-otaqli-menzil-satilir-xetai-r-155-m2-98123/
2-otaqlı mənzil , Xırdalan ş., 55 m²;Xırdalan,8 Sentyabr ;48 000 AZN;https://tut.az/dasinmaz-emlak/ev-alqi-satqisi/2-otaqli-menzil-satilir-xirdalan-s-55-m2-98121/
4-otaqlı mənzil , Nəsimi r., 192 m²;Bakı,8 Sentyabr ;325 000 AZN;https://tut.az/dasinmaz-emlak/ev-alqi-satqisi/4-otaqli-menzil-satilir-nesimi-r-192-m2-98119/
4-otaqlı mənzil , Nəsimi r., 192 m²;Bakı,8 Sentyabr ;355 000 AZN;https://tut.az/dasinmaz-emlak/ev-alqi-satqisi/4-otaqli-menzil-satilir-nesimi-r-192-m2-98118/
5-otaqlı mənzil , Nəsimi r., 231 m²;Bakı,8 Sentyabr ;530 000 AZN;https://tut.az/dasinmaz-emlak/ev-alqi-satqisi/5-otaqli-menzil-satilir-nesimi-r-231-m2-98112/
3-otaqlı mənzil , Nərimanov r., 188 m²;Bakı,8 Sentyabr ;420 000 AZN;https://tut.az/dasinmaz-emlak/ev-alqi-satqisi/3-otaqli-menzil-satilir-nerimanov-r-188-m2-98114/
4-otaqlı mənzil , Nəsimi r., 199 m²;Bakı,8 Sentyabr ;550 000 AZN;https://tut.az/dasinmaz-emlak/ev-alqi-satqisi/4-otaqli-menzil-satilir-nesimi-r-199-m2-98101/
3-otaqlı mənzil , Yeni Yasamal qəs., 81 m²;Bakı,8 Sentyabr ;128 000 AZN;https://tut.az/dasinmaz-emlak/ev-alqi-satqisi/3-otaqli-menzil-satilir-yeni-yasamal-qes-81-m2-98099/
5-otaqlı mənzil , Yasamal r., 281 m²;Bakı,8 Sentyabr ;340 000 AZN;https://tut.az/dasinmaz-emlak/ev-alqi-satqisi/5-otaqli-menzil-satilir-yasamal-r-281-m2-98093/
3-otaqlı mənzil , Məhəmməd Xiyabani küç., 120 m²;Bakı,8 Sentyabr ;150 000 AZN;https://tut.az/dasinmaz-emlak/ev-alqi-satqisi/3-otaqli-menzil-satilir-mehemmed-xiyabani-kuec-120-m2-98090/
3-otaqlı mənzil , Hüseyn Cavid pr.46, 137 m²;Bakı,8 Sentyabr ;295 000 AZN;https://tut.az/dasinmaz-emlak/ev-alqi-satqisi/3-otaqli-menzil-satilir-hueseyn-cavid-pr46-137-m2-98088/
2-otaqlı mənzil icarəyə verilir, Cavadxan küç., 100 m²;Bakı,8 Sentyabr ;450 AZN;https://tut.az/dasinmaz-emlak/ev-alqi-satqisi/2-otaqli-menzil-icareye-verilir-cavadxan-kuec-100-m2-98063/
1-otaqlı mənzil , Cavadxan küç., 35 m²;Bakı,8 Sentyabr ;53 000 AZN;https://tut.az/dasinmaz-emlak/ev-alqi-satqisi/1-otaqli-menzil-satilir-cavadxan-kuec-35-m2-98061/
2-otaqlı mənzil , Gəncə pr., 47 m²;Bakı,8 Sentyabr ;53 000 AZN;https://tut.az/dasinmaz-emlak/ev-alqi-satqisi/2-otaqli-menzil-satilir-gence-pr-47-m2-98054/
3-otaqlı mənzil , Abbas Mirzə Şərifzadə küç., 115 m²;Bakı,8 Sentyabr ;180 000 AZN;https://tut.az/dasinmaz-emlak/ev-alqi-satqisi/3-otaqli-menzil-satilir-abbas-mirze-serifzade-kuec-115-m2-98052/
2-otaqlı mənzil , Masazır qəs., 51 m²;Bakı,8 Sentyabr ;45 000 AZN;https://tut.az/dasinmaz-emlak/ev-alqi-satqisi/2-otaqli-menzil-satilir-masazir-qes-51-m2-98026/
2-otaqlı mənzil icarəyə verilir, Məhəmməd Xiyabani küç., 75 m²;Bakı,8 Sentyabr ;450 AZN;https://tut.az/dasinmaz-emlak/ev-alqi-satqisi/2-otaqli-menzil-icareye-verilir-mehemmed-xiyabani-kuec-75-m2-98019/
2-otaqlı mənzil, İsmayıl Məmmədov küç., 50 m²;Bakı,3 Sentyabr ;83 000 AZN;https://tut.az/dasinmaz-emlak/ev-alqi-satqisi/2-otaqli-menzil-ismayil-memmedov-kuec-50-m2-95213/
3-otaqlı mənzil , İnşaatçılar m\st., 85 m²;Bakı,8 Sentyabr ;Elanı VIP etmək;#
3-otaqlı mənzil , İnşaatçılar m\st., 85 m²;Bakı,8 Sentyabr ;165 000 AZN;https://tut.az/dasinmaz-emlak/ev-alqi-satqisi/3-otaqli-menzil-satilir-insaatcilar-mst-85-m2-97952/
4-otaqlı mənzil , Əliyar Əliyev küç., 141 m²;Bakı,8 Sentyabr ;205 000 AZN;https://tut.az/dasinmaz-emlak/ev-alqi-satqisi/4-otaqli-menzil-satilir-eliyar-eliyev-kuec-141-m2-97936/
2-otaqlı mənzil , Xalqlar m\st., 50 m²;Bakı,8 Sentyabr ;89 000 AZN;https://tut.az/dasinmaz-emlak/ev-alqi-satqisi/2-otaqli-menzil-satilir-xalqlar-mst-50-m2-97910/
3-otaqlı mənzil icarəyə verilir, Nərimanov m\st., 130 m²;Bakı,8 Sentyabr ;1 300 AZN;https://tut.az/dasinmaz-emlak/ev-alqi-satqisi/3-otaqli-menzil-icareye-verilir-nerimanov-mst-130-m2-97906/
3-otaqlı mənzil icarəyə verilir, Həsənoğlu küç., 115 m²;Bakı,8 Sentyabr ;1 000 AZN;https://tut.az/dasinmaz-emlak/ev-alqi-satqisi/3-otaqli-menzil-icareye-verilir-hesenoglu-kuec-115-m2-97903/
2-otaqlı mənzil icarəyə verilir, Nizami küç. 60, 40 m²;Bakı,8 Sentyabr ;750 AZN;https://tut.az/dasinmaz-emlak/ev-alqi-satqisi/2-otaqli-menzil-icareye-verilir-nizami-kuec-60-40-m2-97890/
3-otaqlı mənzil , İnşaatçılar pr., 185 m²;Bakı,8 Sentyabr ;320 000 AZN;https://tut.az/dasinmaz-emlak/ev-alqi-satqisi/3-otaqli-menzil-satilir-insaatcilar-pr-185-m2-97868/
3-otaqlı mənzil , Nərimanov r., 158 m²;Bakı,8 Sentyabr ;330 000 AZN;https://tut.az/dasinmaz-emlak/ev-alqi-satqisi/3-otaqli-menzil-satilir-nerimanov-r-158-m2-97867/
3-otaqlı mənzil , Inşaatçılar pr., 185 m²;Bakı,8 Sentyabr ;320 000 AZN;https://tut.az/dasinmaz-emlak/ev-alqi-satqisi/3-otaqli-menzil-satilir-insaatcilar-pr-185-m2-97858/
2-otaqlı mənzil icarəyə verilir, Gülbala Əliyev küç. 9, 64 m²;Bakı,8 Sentyabr ;690 AZN;https://tut.az/dasinmaz-emlak/ev-alqi-satqisi/2-otaqli-menzil-icareye-verilir-guelbala-eliyev-kuec-9-64-m2-97859/
4-otaqlı mənzil icarəyə verilir, Səməd Vurğun küç., 220 m²;Bakı,8 Sentyabr ;1 500 AZN;https://tut.az/dasinmaz-emlak/ev-alqi-satqisi/4-otaqli-menzil-icareye-verilir-semed-vurgun-kuec-220-m2-97852/
4-otaqlı mənzil , Yasamal r., 176 m²;Bakı,8 Sentyabr ;420 000 AZN;https://tut.az/dasinmaz-emlak/ev-alqi-satqisi/4-otaqli-menzil-satilir-yasamal-r-176-m2-97856/
3-otaqlı mənzil , Insaatcilar pr, 128 m²;Bakı,8 Sentyabr ;280 000 AZN;https://tut.az/dasinmaz-emlak/ev-alqi-satqisi/3-otaqli-menzil-satilir-insaatcilar-pr-128-m2-97875/
2-otaqlı mənzil , Rüstəm Rüstəmov küç., 61 m²;Bakı,8 Sentyabr ;98 000 AZN;https://tut.az/dasinmaz-emlak/ev-alqi-satqisi/2-otaqli-menzil-satilir-ruestem-ruestemov-kuec-61-m2-97827/
2-otaqlı mənzil icarəyə verilir, Hüseyn Cavid pr., 101 m²;Bakı,24 Avqust ;600 AZN;https://tut.az/dasinmaz-emlak/ev-alqi-satqisi/2-otaqli-menzil-icareye-verilir-hueseyn-cavid-pr-101-m2-89587/
4-комн. квартира, ул. Рашида Бейбутова, 158 м²;Bakı,8 Sentyabr ;400 000 AZN;https://tut.az/dasinmaz-emlak/ev-alqi-satqisi/4-komn-kvartira-ul-rashida-bejbutova-158-m2-97817/
3-otaqlı mənzil icarəyə verilir, Cəlil Məmmədquluzadə küç., 127 m²;Bakı,24 Avqust ;1 000 AZN;https://tut.az/dasinmaz-emlak/ev-alqi-satqisi/3-otaqli-menzil-icareye-verilir-celil-memmedquluzade-kuec-127-m2-89734/
4-otaqlı mənzil , N.Nərimanov r., 178 m²;Bakı,8 Sentyabr ;360 000 AZN;https://tut.az/dasinmaz-emlak/ev-alqi-satqisi/4-otaqli-menzil-satilir-nnerimanov-r-178-m2-97807/
2-otaqlı mənzil , 4-cü mkr., 48 m²;Bakı,8 Sentyabr ;79 000 AZN;https://tut.az/dasinmaz-emlak/ev-alqi-satqisi/2-otaqli-menzil-satilir-4-cue-mkr-48-m2-97808/
2-otaqlı mənzil , Dadaş Bünyadzadə küç. 11E, 70 m²;Bakı,8 Sentyabr ;90 000 AZN;https://tut.az/dasinmaz-emlak/ev-alqi-satqisi/2-otaqli-menzil-satilir-dadas-buenyadzade-kuec-11e-70-m2-97803/
3-otaqlı mənzil , Sabunçu r., 47 m²;Bakı,8 Sentyabr ;29 000 AZN;https://tut.az/dasinmaz-emlak/ev-alqi-satqisi/3-otaqli-menzil-satilir-sabuncu-r-47-m2-97796/
3-otaqlı mənzil , Yeni Yasamal qəs., 152.5 m²;Bakı,8 Sentyabr ;198 000 AZN;https://tut.az/dasinmaz-emlak/ev-alqi-satqisi/3-otaqli-menzil-satilir-yeni-yasamal-qes-1525-m2-97788/
2-otaqlı mənzil icarəyə verilir, Məhəmməd Naxçıvani küç., 120 m²;Bakı,8 Sentyabr ;850 AZN;https://tut.az/dasinmaz-emlak/ev-alqi-satqisi/2-otaqli-menzil-icareye-verilir-mehemmed-naxcivani-kuec-120-m2-97787/
2-otaqlı mənzil icarəyə verilir, Həsən bəy Zərdabi pr., 96 m²;Bakı,8 Sentyabr ;450 AZN;https://tut.az/dasinmaz-emlak/ev-alqi-satqisi/2-otaqli-menzil-icareye-verilir-hesen-bey-zerdabi-pr-96-m2-97769/
3-otaqlı mənzil icarəyə verilir, Fariz Yusifov küç., 140 m²;Bakı,8 Sentyabr ;750 AZN;https://tut.az/dasinmaz-emlak/ev-alqi-satqisi/3-otaqli-menzil-icareye-verilir-fariz-yusifov-kuec-140-m2-97766/
2-otaqlı mənzil , Masazır qəs., 58 m²;Bakı,8 Sentyabr ;63 000 AZN;https://tut.az/dasinmaz-emlak/ev-alqi-satqisi/2-otaqli-menzil-satilir-masazir-qes-58-m2-97760/
3-otaqlı mənzil , Əhmədli qəs., 110 m²;Bakı,8 Sentyabr ;135 000 AZN;https://tut.az/dasinmaz-emlak/ev-alqi-satqisi/3-otaqli-menzil-satilir-ehmedli-qes-110-m2-97757/
4-otaqlı mənzil icarəyə verilir, Nərimanov r., 148 m²;Bakı,8 Sentyabr ;1 500 AZN;https://tut.az/dasinmaz-emlak/ev-alqi-satqisi/4-otaqli-menzil-icareye-verilir-nerimanov-r-148-m2-97755/
2-otaqlı mənzil icarəyə verilir, Mir Cəlal küç., 65 m²;Bakı,8 Sentyabr ;400 AZN;https://tut.az/dasinmaz-emlak/ev-alqi-satqisi/2-otaqli-menzil-icareye-verilir-mir-celal-kuec-65-m2-97750/
2-otaqlı mənzil , Abbas Mirzə Şərifzadə küç., 86 m²;Bakı,8 Sentyabr ;148 000 AZN;https://tut.az/dasinmaz-emlak/ev-alqi-satqisi/2-otaqli-menzil-satilir-abbas-mirze-serifzade-kuec-86-m2-97736/
3-otaqlı mənzil , Xətai pr., 152 m²;Bakı,8 Sentyabr ;285 000 AZN;https://tut.az/dasinmaz-emlak/ev-alqi-satqisi/3-otaqli-menzil-satilir-xetai-pr-152-m2-97735/
3-otaqlı mənzil günlük icarəyə verilir, Cavadxan küç., 100 m²;Bakı,8 Sentyabr ;140 000 AZN;https://tut.az/dasinmaz-emlak/ev-alqi-satqisi/3-otaqli-menzil-guenluek-icareye-verilir-cavadxan-kuec-100-m2-97731/
2-otaqlı mənzil icarəyə verilir, Qurban Xəlilov küç., 75 m²;Bakı,8 Sentyabr ;650 AZN;https://tut.az/dasinmaz-emlak/ev-alqi-satqisi/2-otaqli-menzil-icareye-verilir-qurban-xelilov-kuec-75-m2-97730/
3-otaqlı mənzil , Akim Abbasov küç., 85 m²;Bakı,8 Sentyabr ;170 000 AZN;https://tut.az/dasinmaz-emlak/ev-alqi-satqisi/3-otaqli-menzil-satilir-akim-abbasov-kuec-85-m2-97729/
3-otaqlı mənzil icarəyə verilir, Dadaş Bünyadzadə küç, 85 m²;Bakı,8 Sentyabr ;500 AZN;https://tut.az/dasinmaz-emlak/ev-alqi-satqisi/3-otaqli-menzil-icareye-verilir-dadas-buenyadzade-kuec-85-m2-97727/
1-otaqlı mənzil icarəyə verilir, Əcəmi Naxçıvani küç. , 60 m²;Bakı,8 Sentyabr ;450 AZN;https://tut.az/dasinmaz-emlak/ev-alqi-satqisi/1-otaqli-menzil-icareye-verilir-ecemi-naxcivani-kuec-60-m2-97708/
3-otaqlı mənzil icarəyə verilir, Tbilisi pr., 140 m²;Bakı,8 Sentyabr ;850 AZN;https://tut.az/dasinmaz-emlak/ev-alqi-satqisi/3-otaqli-menzil-icareye-verilir-tbilisi-pr-140-m2-97707/
3-otaqlı mənzil , Əsəd Əhmədov küç., 95 m²;Bakı,8 Sentyabr ;120 000 AZN;https://tut.az/dasinmaz-emlak/ev-alqi-satqisi/3-otaqli-menzil-satilir-esed-ehmedov-kuec-95-m2-97703/
3-otaqlı mənzil icarəyə verilir, Hacı Məmmədov küç., 120 m²;Bakı,8 Sentyabr ;700 AZN;https://tut.az/dasinmaz-emlak/ev-alqi-satqisi/3-otaqli-menzil-icareye-verilir-haci-memmedov-kuec-120-m2-97686/
4-otaqlı mənzil , Azadlıq pr., 205 m²;Bakı,8 Sentyabr ;590 000 AZN;https://tut.az/dasinmaz-emlak/ev-alqi-satqisi/4-otaqli-menzil-satilir-azadliq-pr-205-m2-97698/
2-otaqlı mənzil , Əsəd Əhmədov küç., 80 m²;Bakı,8 Sentyabr ;120 000 AZN;https://tut.az/dasinmaz-emlak/ev-alqi-satqisi/2-otaqli-menzil-satilir-esed-ehmedov-kuec-80-m2-97690/
3-otaqlı mənzil icarəyə verilir, Hüseyn Cavid pr., 65 m²;Bakı,8 Sentyabr ;570 AZN;https://tut.az/dasinmaz-emlak/ev-alqi-satqisi/3-otaqli-menzil-icareye-verilir-hueseyn-cavid-pr-65-m2-97687/
3-otaqlı mənzil icarəyə verilir, Tbilisi pr., 145 m²;Bakı,8 Sentyabr ;1 300 AZN;https://tut.az/dasinmaz-emlak/ev-alqi-satqisi/3-otaqli-menzil-icareye-verilir-tbilisi-pr-145-m2-97683/
2-otaqlı mənzil icarəyə verilir, Həsən bəy Zərdabi pr., 45 m²;Bakı,8 Sentyabr ;350 AZN;https://tut.az/dasinmaz-emlak/ev-alqi-satqisi/2-otaqli-menzil-icareye-verilir-hesen-bey-zerdabi-pr-45-m2-97679/
1-otaqlı mənzil icarəyə verilir, Elmlər Akademiyası m\st., 60 m²;Bakı,8 Sentyabr ;500 AZN;https://tut.az/dasinmaz-emlak/ev-alqi-satqisi/1-otaqli-menzil-icareye-verilir-elmler-akademiyasi-mst-60-m2-97678/
4-otaqlı mənzil , Üzeyir Hacıbəyli küç., 200 m²;Bakı,8 Sentyabr ;870 000 AZN;https://tut.az/dasinmaz-emlak/ev-alqi-satqisi/4-otaqli-menzil-satilir-uezeyir-hacibeyli-kuec-200-m2-97676/
2-otaqlı mənzil icarəyə verilir, 20 Yanvar m/st., 92 m²;Bakı,8 Sentyabr ;600 AZN;https://tut.az/dasinmaz-emlak/ev-alqi-satqisi/2-otaqli-menzil-icareye-verilir-20-yanvar-mst-92-m2-97667/
2-otaqlı mənzil , Əsəd Əhmədov küç., 83 m²;Bakı,8 Sentyabr ;120 000 AZN;https://tut.az/dasinmaz-emlak/ev-alqi-satqisi/2-otaqli-menzil-satilir-esed-ehmedov-kuec-83-m2-97660/
2-otaqlı mənzil , Faiq Yusifov küç., 115 m²;Bakı,8 Sentyabr ;175 000 AZN;https://tut.az/dasinmaz-emlak/ev-alqi-satqisi/2-otaqli-menzil-satilir-faiq-yusifov-kuec-115-m2-97655/
3-otaqlı mənzil , Təbriz küç., 165 m²;Bakı,8 Sentyabr ;265 000 AZN;https://tut.az/dasinmaz-emlak/ev-alqi-satqisi/3-otaqli-menzil-satilir-tebriz-kuec-165-m2-97602/
2-otaqlı mənzil, İsmayıl Məmmədov küç., 50 m²;Bakı,3 Sentyabr ;83 000 AZN;https://tut.az/dasinmaz-emlak/ev-alqi-satqisi/2-otaqli-menzil-ismayil-memmedov-kuec-50-m2-95213/
2-otaqlı mənzil , Aşıq Alı küç., 101 m²;Bakı,8 Sentyabr ;Elanı VIP etmək;#
2-otaqlı mənzil , Aşıq Alı küç., 101 m²;Bakı,8 Sentyabr ;189 000 AZN;https://tut.az/dasinmaz-emlak/ev-alqi-satqisi/2-otaqli-menzil-satilir-asiq-ali-kuec-101-m2-97600/
4-otaqlı mənzil , Xurşid Ağayev küç. 3, 90 m²;Bakı,8 Sentyabr ;95 000 AZN;https://tut.az/dasinmaz-emlak/ev-alqi-satqisi/4-otaqli-menzil-satilir-xursid-agayev-kuec-3-90-m2-97356/
4-otaqlı mənzil icarəyə verilir, Atatürk pr. 37a, 110 m²;Bakı,8 Sentyabr ;100 AZN;https://tut.az/dasinmaz-emlak/ev-alqi-satqisi/4-otaqli-menzil-icareye-verilir-atatuerk-pr-37a-110-m2-97313/
2-otaqlı mənzil , Alı Mustafayev küç. 15, 36 m²;Bakı,8 Sentyabr ;61 AZN;https://tut.az/dasinmaz-emlak/ev-alqi-satqisi/2-otaqli-menzil-satilir-ali-mustafayev-kuec-15-36-m2-97577/
3-otaqlı mənzil , 7-ci mkr., 61 m²;Bakı,7 Sentyabr ;84 500 AZN;https://tut.az/dasinmaz-emlak/ev-alqi-satqisi/3-otaqli-menzil-satilir-7-ci-mkr-61-m2-97454/
1-otaqlı mənzil , Rüstəm Rüstəmov küç., 20 m²;Bakı,7 Sentyabr ;35 000 AZN;https://tut.az/dasinmaz-emlak/ev-alqi-satqisi/1-otaqli-menzil-satilir-ruestem-ruestemov-kuec-20-m2-97434/
3-otaqlı mənzil , Bəsti Bağırova küç., 140 m²;Bakı,7 Sentyabr ;240 000 AZN;https://tut.az/dasinmaz-emlak/ev-alqi-satqisi/3-otaqli-menzil-satilir-besti-bagirova-kuec-140-m2-97433/
4-otaqlı mənzil icarəyə verilir, 8-ci mkr., 180 m²;Bakı,7 Sentyabr ;1 000 AZN;https://tut.az/dasinmaz-emlak/ev-alqi-satqisi/4-otaqli-menzil-icareye-verilir-8-ci-mkr-180-m2-97412/
1-otaqlı mənzil , Yeni Günəşlik qəs. , 46 m²;Bakı,7 Sentyabr ;44 000 AZN;https://tut.az/dasinmaz-emlak/ev-alqi-satqisi/1-otaqli-menzil-satilir-yeni-gueneslik-qes-46-m2-97418/
2-otaqlı mənzil , Bayıl qəs., 47 m²;Bakı,7 Sentyabr ;110 000 AZN;https://tut.az/dasinmaz-emlak/ev-alqi-satqisi/2-otaqli-menzil-satilir-bayil-qes-47-m2-97409/
2-otaqlı mənzil , Xudu Məmmədov küç. 38 , 82.4 m²;Bakı,7 Sentyabr ;128 000 AZN;https://tut.az/dasinmaz-emlak/ev-alqi-satqisi/2-otaqli-menzil-satilir-xudu-memmedov-kuec-38-824-m2-97406/
4-otaqlı mənzil , Nəsimi r., 185 m²;Bakı,7 Sentyabr ;375 000 AZN;https://tut.az/dasinmaz-emlak/ev-alqi-satqisi/4-otaqli-menzil-satilir-nesimi-r-185-m2-97393/
3-otaqlı mənzil , Nərimanov r., 138 m²;Bakı,7 Sentyabr ;230 000 AZN;https://tut.az/dasinmaz-emlak/ev-alqi-satqisi/3-otaqli-menzil-satilir-nerimanov-r-138-m2-97392/
3-otaqlı mənzil , Yasamal r., 130 m²;Bakı,7 Sentyabr ;300 000 AZN;https://tut.az/dasinmaz-emlak/ev-alqi-satqisi/3-otaqli-menzil-satilir-yasamal-r-130-m2-97386/
4-otaqlı mənzil , Nəsimi r., 244 m²;Bakı,7 Sentyabr ;450 000 AZN;https://tut.az/dasinmaz-emlak/ev-alqi-satqisi/4-otaqli-menzil-satilir-nesimi-r-244-m2-97375/
3-otaqlı mənzil icarəyə verilir, Landau küç., 160 m²;Bakı,7 Sentyabr ;1 200 AZN;https://tut.az/dasinmaz-emlak/ev-alqi-satqisi/3-otaqli-menzil-icareye-verilir-landau-kuec-160-m2-97328/
3-otaqlı mənzil , Biləcəri qəs., 70 m²;Bakı,7 Sentyabr ;40 000 AZN;https://tut.az/dasinmaz-emlak/ev-alqi-satqisi/3-otaqli-menzil-satilir-bileceri-qes-70-m2-97357/
2-otaqlı mənzil icarəyə verilir, Natiq Əliyev küç., 90 m²;Bakı,7 Sentyabr ;450 AZN;https://tut.az/dasinmaz-emlak/ev-alqi-satqisi/2-otaqli-menzil-icareye-verilir-natiq-eliyev-kuec-90-m2-97353/
2-otaqlı mənzil icarəyə verilir, Möhsün Sənani küç., 50 m²;Bakı,7 Sentyabr ;500 AZN;https://tut.az/dasinmaz-emlak/ev-alqi-satqisi/2-otaqli-menzil-icareye-verilir-moehsuen-senani-kuec-50-m2-97350/
3-otaqlı mənzil , Ağa Nemətulla küç., 110 m²;Bakı,7 Sentyabr ;169 500 AZN;https://tut.az/dasinmaz-emlak/ev-alqi-satqisi/3-otaqli-menzil-satilir-aga-nemetulla-kuec-110-m2-97349/
4-otaqlı mənzil , Abbas Mirzə Şərifzadə küç., 97 m²;Bakı,7 Sentyabr ;120 000 AZN;https://tut.az/dasinmaz-emlak/ev-alqi-satqisi/4-otaqli-menzil-satilir-abbas-mirze-serifzade-kuec-97-m2-97338/
3-otaqlı mənzil icarəyə verilir, Sübhi Salayev küç., 94 m²;Bakı,7 Sentyabr ;750 AZN;https://tut.az/dasinmaz-emlak/ev-alqi-satqisi/3-otaqli-menzil-icareye-verilir-suebhi-salayev-kuec-94-m2-97327/
4-otaqlı mənzil icarəyə verilir, 28 May m\st., 220 m²;Bakı,7 Sentyabr ;1 400 AZN;https://tut.az/dasinmaz-emlak/ev-alqi-satqisi/4-otaqli-menzil-icareye-verilir-28-may-mst-220-m2-97309/
3-otaqlı mənzil , Həsən Bəy Zərdabi pr., 115 m²;Bakı,7 Sentyabr ;179 500 AZN;https://tut.az/dasinmaz-emlak/ev-alqi-satqisi/3-otaqli-menzil-satilir-hesen-bey-zerdabi-pr-115-m2-97304/
4-otaqlı mənzil , Əliyar Əliyev küç. 32, 141 m²;Bakı,7 Sentyabr ;204 000 AZN;https://tut.az/dasinmaz-emlak/ev-alqi-satqisi/4-otaqli-menzil-satilir-eliyar-eliyev-kuec-32-141-m2-97308/
3-otaqlı mənzil icarəyə verilir, 7-ci mkr., 83 m²;Bakı,7 Sentyabr ;600 AZN;https://tut.az/dasinmaz-emlak/ev-alqi-satqisi/3-otaqli-menzil-icareye-verilir-7-ci-mkr-83-m2-97287/
2-otaqlı mənzil , Xətai r., 89 m²;Bakı,7 Sentyabr ;129 500 AZN;https://tut.az/dasinmaz-emlak/ev-alqi-satqisi/2-otaqli-menzil-satilir-xetai-r-89-m2-97270/
3-otaqlı mənzil , Yeni Günəşli qəs., 128 m²;Bakı,7 Sentyabr ;133 000 AZN;https://tut.az/dasinmaz-emlak/ev-alqi-satqisi/3-otaqli-menzil-satilir-yeni-guenesli-qes-128-m2-97266/
3-otaqlı mənzil , Neftçilər m/st., 87 m²;Bakı,7 Sentyabr ;135 000 AZN;https://tut.az/dasinmaz-emlak/ev-alqi-satqisi/3-otaqli-menzil-satilir-neftciler-mst-87-m2-97276/
3-otaqlı mənzil , Həzi Aslanov m\st., 96 m²;Bakı,7 Sentyabr ;141 000 AZN;https://tut.az/dasinmaz-emlak/ev-alqi-satqisi/3-otaqli-menzil-satilir-hezi-aslanov-mst-96-m2-97264/
2-otaqlı mənzil , Qara Qarayev m\st., 77 m²;Bakı,7 Sentyabr ;125 000 AZN;https://tut.az/dasinmaz-emlak/ev-alqi-satqisi/2-otaqli-menzil-satilir-qara-qarayev-mst-77-m2-97254/
3-otaqlı mənzil icarəyə verilir, 8 Noyabr pr., 70 m²;Bakı,7 Sentyabr ;500 AZN;https://tut.az/dasinmaz-emlak/ev-alqi-satqisi/3-otaqli-menzil-icareye-verilir-8-noyabr-pr-70-m2-97253/
2-otaqlı mənzil , 8-ci mkr., 55 m²;Bakı,7 Sentyabr ;72 000 AZN;https://tut.az/dasinmaz-emlak/ev-alqi-satqisi/2-otaqli-menzil-satilir-8-ci-mkr-55-m2-97244/
2-otaqlı mənzil , Əhmədli qəs., 98 m²;Bakı,7 Sentyabr ;160 000 AZN;https://tut.az/dasinmaz-emlak/ev-alqi-satqisi/2-otaqli-menzil-satilir-ehmedli-qes-98-m2-97233/
3-otaqlı mənzil , Faiq Yusifov küç., 40 m²;Bakı,7 Sentyabr ;60 000 AZN;https://tut.az/dasinmaz-emlak/ev-alqi-satqisi/3-otaqli-menzil-satilir-faiq-yusifov-kuec-40-m2-97232/
4-otaqlı mənzil , Əllyar Əliyev küç., 100 m²;Bakı,7 Sentyabr ;180 000 AZN;https://tut.az/dasinmaz-emlak/ev-alqi-satqisi/4-otaqli-menzil-satilir-ellyar-eliyev-kuec-100-m2-97230/
2-otaqlı mənzil , Həzi Aslanov m\st., 55 m²;Bakı,7 Sentyabr ;74 000 AZN;https://tut.az/dasinmaz-emlak/ev-alqi-satqisi/2-otaqli-menzil-satilir-hezi-aslanov-mst-55-m2-97221/
2-otaqlı mənzil , Mirmahmud Kazımovski küç., 70 m²;Bakı,7 Sentyabr ;97 000 AZN;https://tut.az/dasinmaz-emlak/ev-alqi-satqisi/2-otaqli-menzil-satilir-mirmahmud-kazimovski-kuec-70-m2-97217/
3-otaqlı mənzil icarəyə verilir, Mir Cəlal küç., 100 m²;Bakı,7 Sentyabr ;600 AZN;https://tut.az/dasinmaz-emlak/ev-alqi-satqisi/3-otaqli-menzil-icareye-verilir-mir-celal-kuec-100-m2-97213/
2-otaqlı mənzil icarəyə verilir, Xocalı pr., 85 m²;Bakı,7 Sentyabr ;800 AZN;https://tut.az/dasinmaz-emlak/ev-alqi-satqisi/2-otaqli-menzil-icareye-verilir-xocali-pr-85-m2-97202/
3-otaqlı mənzil , Yeni Günəşli qəs., 128 m²;Bakı,7 Sentyabr ;133 000 AZN;https://tut.az/dasinmaz-emlak/ev-alqi-satqisi/3-otaqli-menzil-satilir-yeni-guenesli-qes-128-m2-97200/
1-otaqlı mənzil , Qara Qarayev pr., 40 m²;Bakı,7 Sentyabr ;68 000 AZN;https://tut.az/dasinmaz-emlak/ev-alqi-satqisi/1-otaqli-menzil-satilir-qara-qarayev-pr-40-m2-97197/
3-otaqlı mənzil , Badamdar qəs., 100 m²;Bakı,7 Sentyabr ;142 000 AZN;https://tut.az/dasinmaz-emlak/ev-alqi-satqisi/3-otaqli-menzil-satilir-badamdar-qes-100-m2-97194/
2-otaqlı mənzil , Tağı Şahbazi küç., 50 m²;Bakı,7 Sentyabr ;90 000 AZN;https://tut.az/dasinmaz-emlak/ev-alqi-satqisi/2-otaqli-menzil-satilir-tagi-sahbazi-kuec-50-m2-97192/
2-otaqlı mənzil , Əsəd Əhmədov küç., 60 m²;Bakı,7 Sentyabr ;87 000 AZN;https://tut.az/dasinmaz-emlak/ev-alqi-satqisi/2-otaqli-menzil-satilir-esed-ehmedov-kuec-60-m2-97185/
2-otaqlı mənzil icarəyə verilir, Svetlana Məmmədova küç., 75 m²;Bakı,7 Sentyabr ;400 AZN;https://tut.az/dasinmaz-emlak/ev-alqi-satqisi/2-otaqli-menzil-icareye-verilir-svetlana-memmedova-kuec-75-m2-97179/
3-otaqlı mənzil , Dadaş Bünyadzadə küç., 127 m²;Bakı,7 Sentyabr ;160 000 AZN;https://tut.az/dasinmaz-emlak/ev-alqi-satqisi/3-otaqli-menzil-satilir-dadas-buenyadzade-kuec-127-m2-97177/
3-otaqlı mənzil , Əbdülvahab Salamzadə küç., 120 m²;Bakı,7 Sentyabr ;215 000 AZN;https://tut.az/dasinmaz-emlak/ev-alqi-satqisi/3-otaqli-menzil-satilir-ebduelvahab-salamzade-kuec-120-m2-97174/
2-otaqlı mənzil icarəyə verilir, Xətai m\st., 106 m²;Bakı,7 Sentyabr ;800 AZN;https://tut.az/dasinmaz-emlak/ev-alqi-satqisi/2-otaqli-menzil-icareye-verilir-xetai-mst-106-m2-97172/
2-otaqlı mənzil icarəyə verilir, Natiq Əliyev küç., 85 m²;Bakı,7 Sentyabr ;450 AZN;https://tut.az/dasinmaz-emlak/ev-alqi-satqisi/2-otaqli-menzil-icareye-verilir-natiq-eliyev-kuec-85-m2-97157/
